,datetime,instrument,score,exp_name,rid,real_label,error,abs_error
0,2026-03-16,SH600000,0.044190719675748495,EXP_DEnsembleModel_Alpha158_csi300_custom_step0_s_20260316_11,12f1351121a3481f908663fb103095af,,,
1,2026-03-16,SH601127,0.027225526049733162,EXP_LinearModel_Alpha158_csi300_custom_step0_s_20260316_11,8236e62f26a34dd3a1d76fd7efb48be5,,,
2,2026-03-16,SH601136,0.05614112690091133,EXP_LinearModel_Alpha158_csi300_custom_step0_s_20260316_11,8236e62f26a34dd3a1d76fd7efb48be5,,,
3,2026-03-16,SH601138,-0.024074681103229523,EXP_LinearModel_Alpha158_csi300_custom_step0_s_20260316_11,8236e62f26a34dd3a1d76fd7efb48be5,,,
4,2026-03-16,SH601166,0.12750253081321716,EXP_LinearModel_Alpha158_csi300_custom_step0_s_20260316_11,8236e62f26a34dd3a1d76fd7efb48be5,,,
5,2026-03-16,SH601169,0.04828224703669548,EXP_LinearModel_Alpha158_csi300_custom_step0_s_20260316_11,8236e62f26a34dd3a1d76fd7efb48be5,,,
6,2026-03-16,SH601186,-0.05378996580839157,EXP_LinearModel_Alpha158_csi300_custom_step0_s_20260316_11,8236e62f26a34dd3a1d76fd7efb48be5,,,
7,2026-03-16,SH601117,-0.16856351494789124,EXP_LinearModel_Alpha158_csi300_custom_step0_s_20260316_11,8236e62f26a34dd3a1d76fd7efb48be5,,,
8,2026-03-16,SH601211,0.0056112888269126415,EXP_LinearModel_Alpha158_csi300_custom_step0_s_20260316_11,8236e62f26a34dd3a1d76fd7efb48be5,,,
9,2026-03-16,SH601229,0.06828555464744568,EXP_LinearModel_Alpha158_csi300_custom_step0_s_20260316_11,8236e62f26a34dd3a1d76fd7efb48be5,,,
10,2026-03-16,SH601236,0.13453538715839386,EXP_LinearModel_Alpha158_csi300_custom_step0_s_20260316_11,8236e62f26a34dd3a1d76fd7efb48be5,,,
11,2026-03-16,SH601238,0.11398370563983917,EXP_LinearModel_Alpha158_csi300_custom_step0_s_20260316_11,8236e62f26a34dd3a1d76fd7efb48be5,,,
12,2026-03-16,SH601288,-0.11799173057079315,EXP_LinearModel_Alpha158_csi300_custom_step0_s_20260316_11,8236e62f26a34dd3a1d76fd7efb48be5,,,
13,2026-03-16,SH601298,0.017202502116560936,EXP_LinearModel_Alpha158_csi300_custom_step0_s_20260316_11,8236e62f26a34dd3a1d76fd7efb48be5,,,
14,2026-03-16,SH601318,-2.907589077949524e-05,EXP_LinearModel_Alpha158_csi300_custom_step0_s_20260316_11,8236e62f26a34dd3a1d76fd7efb48be5,,,
15,2026-03-16,SH601225,-0.06288564205169678,EXP_LinearModel_Alpha158_csi300_custom_step0_s_20260316_11,8236e62f26a34dd3a1d76fd7efb48be5,,,
16,2026-03-16,SH601111,-0.07905339449644089,EXP_LinearModel_Alpha158_csi300_custom_step0_s_20260316_11,8236e62f26a34dd3a1d76fd7efb48be5,,,
17,2026-03-16,SH601100,0.25235551595687866,EXP_LinearModel_Alpha158_csi300_custom_step0_s_20260316_11,8236e62f26a34dd3a1d76fd7efb48be5,,,
18,2026-03-16,SH601088,-0.13179947435855865,EXP_LinearModel_Alpha158_csi300_custom_step0_s_20260316_11,8236e62f26a34dd3a1d76fd7efb48be5,,,
19,2026-03-16,SH600930,-0.22463315725326538,EXP_LinearModel_Alpha158_csi300_custom_step0_s_20260316_11,8236e62f26a34dd3a1d76fd7efb48be5,,,
20,2026-03-16,SH600938,-0.09827731549739838,EXP_LinearModel_Alpha158_csi300_custom_step0_s_20260316_11,8236e62f26a34dd3a1d76fd7efb48be5,,,
21,2026-03-16,SH600941,0.10123860090970993,EXP_LinearModel_Alpha158_csi300_custom_step0_s_20260316_11,8236e62f26a34dd3a1d76fd7efb48be5,,,
22,2026-03-16,SH600958,-0.02000950649380684,EXP_LinearModel_Alpha158_csi300_custom_step0_s_20260316_11,8236e62f26a34dd3a1d76fd7efb48be5,,,
23,2026-03-16,SH600989,-0.24071912467479706,EXP_LinearModel_Alpha158_csi300_custom_step0_s_20260316_11,8236e62f26a34dd3a1d76fd7efb48be5,,,
24,2026-03-16,SH600999,-0.005801871884614229,EXP_LinearModel_Alpha158_csi300_custom_step0_s_20260316_11,8236e62f26a34dd3a1d76fd7efb48be5,,,
25,2026-03-16,SH601006,0.13352957367897034,EXP_LinearModel_Alpha158_csi300_custom_step0_s_20260316_11,8236e62f26a34dd3a1d76fd7efb48be5,,,
26,2026-03-16,SH601009,0.1349457949399948,EXP_LinearModel_Alpha158_csi300_custom_step0_s_20260316_11,8236e62f26a34dd3a1d76fd7efb48be5,,,
27,2026-03-16,SH601012,-0.027791619300842285,EXP_LinearModel_Alpha158_csi300_custom_step0_s_20260316_11,8236e62f26a34dd3a1d76fd7efb48be5,,,
28,2026-03-16,SH601018,0.1133183166384697,EXP_LinearModel_Alpha158_csi300_custom_step0_s_20260316_11,8236e62f26a34dd3a1d76fd7efb48be5,,,
29,2026-03-16,SH601021,0.13368940353393555,EXP_LinearModel_Alpha158_csi300_custom_step0_s_20260316_11,8236e62f26a34dd3a1d76fd7efb48be5,,,
30,2026-03-16,SH601058,0.07162298262119293,EXP_LinearModel_Alpha158_csi300_custom_step0_s_20260316_11,8236e62f26a34dd3a1d76fd7efb48be5,,,
31,2026-03-16,SH601059,,EXP_LinearModel_Alpha158_csi300_custom_step0_s_20260316_11,8236e62f26a34dd3a1d76fd7efb48be5,,,
32,2026-03-16,SH601066,0.037699874490499496,EXP_LinearModel_Alpha158_csi300_custom_step0_s_20260316_11,8236e62f26a34dd3a1d76fd7efb48be5,,,
33,2026-03-16,SH601077,-0.007326859049499035,EXP_LinearModel_Alpha158_csi300_custom_step0_s_20260316_11,8236e62f26a34dd3a1d76fd7efb48be5,,,
34,2026-03-16,SH601319,0.08815761655569077,EXP_LinearModel_Alpha158_csi300_custom_step0_s_20260316_11,8236e62f26a34dd3a1d76fd7efb48be5,,,
35,2026-03-16,SH601328,0.009214079938828945,EXP_LinearModel_Alpha158_csi300_custom_step0_s_20260316_11,8236e62f26a34dd3a1d76fd7efb48be5,,,
36,2026-03-16,SH601336,-0.07878910005092621,EXP_LinearModel_Alpha158_csi300_custom_step0_s_20260316_11,8236e62f26a34dd3a1d76fd7efb48be5,,,
37,2026-03-16,SH601360,0.1267896145582199,EXP_LinearModel_Alpha158_csi300_custom_step0_s_20260316_11,8236e62f26a34dd3a1d76fd7efb48be5,,,
38,2026-03-16,SH601800,-0.06958811730146408,EXP_LinearModel_Alpha158_csi300_custom_step0_s_20260316_11,8236e62f26a34dd3a1d76fd7efb48be5,,,
39,2026-03-16,SH601808,-0.3727901577949524,EXP_LinearModel_Alpha158_csi300_custom_step0_s_20260316_11,8236e62f26a34dd3a1d76fd7efb48be5,,,
40,2026-03-16,SH601816,0.11170955002307892,EXP_LinearModel_Alpha158_csi300_custom_step0_s_20260316_11,8236e62f26a34dd3a1d76fd7efb48be5,,,
41,2026-03-16,SH601818,0.04005613923072815,EXP_LinearModel_Alpha158_csi300_custom_step0_s_20260316_11,8236e62f26a34dd3a1d76fd7efb48be5,,,
42,2026-03-16,SH601825,0.08820846676826477,EXP_LinearModel_Alpha158_csi300_custom_step0_s_20260316_11,8236e62f26a34dd3a1d76fd7efb48be5,,,
43,2026-03-16,SH601838,0.17460328340530396,EXP_LinearModel_Alpha158_csi300_custom_step0_s_20260316_11,8236e62f26a34dd3a1d76fd7efb48be5,,,
44,2026-03-16,SH601857,-0.2847256660461426,EXP_LinearModel_Alpha158_csi300_custom_step0_s_20260316_11,8236e62f26a34dd3a1d76fd7efb48be5,,,
45,2026-03-16,SH601868,-0.3063817620277405,EXP_LinearModel_Alpha158_csi300_custom_step0_s_20260316_11,8236e62f26a34dd3a1d76fd7efb48be5,,,
46,2026-03-16,SH601872,0.13848437368869781,EXP_LinearModel_Alpha158_csi300_custom_step0_s_20260316_11,8236e62f26a34dd3a1d76fd7efb48be5,,,
47,2026-03-16,SH601877,-0.1514686495065689,EXP_LinearModel_Alpha158_csi300_custom_step0_s_20260316_11,8236e62f26a34dd3a1d76fd7efb48be5,,,
48,2026-03-16,SH601878,0.06553751975297928,EXP_LinearModel_Alpha158_csi300_custom_step0_s_20260316_11,8236e62f26a34dd3a1d76fd7efb48be5,,,
49,2026-03-16,SH601881,-0.015273528173565865,EXP_LinearModel_Alpha158_csi300_custom_step0_s_20260316_11,8236e62f26a34dd3a1d76fd7efb48be5,,,
50,2026-03-16,SH601888,0.22845439612865448,EXP_LinearModel_Alpha158_csi300_custom_step0_s_20260316_11,8236e62f26a34dd3a1d76fd7efb48be5,,,
51,2026-03-16,SH601898,-0.1544203907251358,EXP_LinearModel_Alpha158_csi300_custom_step0_s_20260316_11,8236e62f26a34dd3a1d76fd7efb48be5,,,
52,2026-03-16,SH601899,0.020955480635166168,EXP_LinearModel_Alpha158_csi300_custom_step0_s_20260316_11,8236e62f26a34dd3a1d76fd7efb48be5,,,
53,2026-03-16,SH601788,0.046578601002693176,EXP_LinearModel_Alpha158_csi300_custom_step0_s_20260316_11,8236e62f26a34dd3a1d76fd7efb48be5,,,
54,2026-03-16,SH600926,0.054564230144023895,EXP_LinearModel_Alpha158_csi300_custom_step0_s_20260316_11,8236e62f26a34dd3a1d76fd7efb48be5,,,
55,2026-03-16,SH601766,0.003244549036026001,EXP_LinearModel_Alpha158_csi300_custom_step0_s_20260316_11,8236e62f26a34dd3a1d76fd7efb48be5,,,
56,2026-03-16,SH601698,0.10050792992115021,EXP_LinearModel_Alpha158_csi300_custom_step0_s_20260316_11,8236e62f26a34dd3a1d76fd7efb48be5,,,
57,2026-03-16,SH601377,0.05142061412334442,EXP_LinearModel_Alpha158_csi300_custom_step0_s_20260316_11,8236e62f26a34dd3a1d76fd7efb48be5,,,
58,2026-03-16,SH601390,0.018238194286823273,EXP_LinearModel_Alpha158_csi300_custom_step0_s_20260316_11,8236e62f26a34dd3a1d76fd7efb48be5,,,
59,2026-03-16,SH601398,-0.0120750917121768,EXP_LinearModel_Alpha158_csi300_custom_step0_s_20260316_11,8236e62f26a34dd3a1d76fd7efb48be5,,,
60,2026-03-16,SH601456,0.020167339593172073,EXP_LinearModel_Alpha158_csi300_custom_step0_s_20260316_11,8236e62f26a34dd3a1d76fd7efb48be5,,,
61,2026-03-16,SH601600,-0.2014344334602356,EXP_LinearModel_Alpha158_csi300_custom_step0_s_20260316_11,8236e62f26a34dd3a1d76fd7efb48be5,,,
62,2026-03-16,SH601601,0.09823861718177795,EXP_LinearModel_Alpha158_csi300_custom_step0_s_20260316_11,8236e62f26a34dd3a1d76fd7efb48be5,,,
63,2026-03-16,SH601607,0.08811528235673904,EXP_LinearModel_Alpha158_csi300_custom_step0_s_20260316_11,8236e62f26a34dd3a1d76fd7efb48be5,,,
64,2026-03-16,SH601618,-0.15697799623012543,EXP_LinearModel_Alpha158_csi300_custom_step0_s_20260316_11,8236e62f26a34dd3a1d76fd7efb48be5,,,
65,2026-03-16,SH601628,0.10725492238998413,EXP_LinearModel_Alpha158_csi300_custom_step0_s_20260316_11,8236e62f26a34dd3a1d76fd7efb48be5,,,
66,2026-03-16,SH601633,0.006463329307734966,EXP_LinearModel_Alpha158_csi300_custom_step0_s_20260316_11,8236e62f26a34dd3a1d76fd7efb48be5,,,
67,2026-03-16,SH601658,-0.012912323698401451,EXP_LinearModel_Alpha158_csi300_custom_step0_s_20260316_11,8236e62f26a34dd3a1d76fd7efb48be5,,,
68,2026-03-16,SH601668,0.022810250520706177,EXP_LinearModel_Alpha158_csi300_custom_step0_s_20260316_11,8236e62f26a34dd3a1d76fd7efb48be5,,,
69,2026-03-16,SH601669,-0.40013742446899414,EXP_LinearModel_Alpha158_csi300_custom_step0_s_20260316_11,8236e62f26a34dd3a1d76fd7efb48be5,,,
70,2026-03-16,SH601688,-0.002389984903857112,EXP_LinearModel_Alpha158_csi300_custom_step0_s_20260316_11,8236e62f26a34dd3a1d76fd7efb48be5,,,
71,2026-03-16,SH601689,0.06392745673656464,EXP_LinearModel_Alpha158_csi300_custom_step0_s_20260316_11,8236e62f26a34dd3a1d76fd7efb48be5,,,
72,2026-03-16,SH601728,-0.028449587523937225,EXP_LinearModel_Alpha158_csi300_custom_step0_s_20260316_11,8236e62f26a34dd3a1d76fd7efb48be5,,,
73,2026-03-16,SH601901,0.05444555729627609,EXP_LinearModel_Alpha158_csi300_custom_step0_s_20260316_11,8236e62f26a34dd3a1d76fd7efb48be5,,,
74,2026-03-16,SH600919,0.1310921609401703,EXP_LinearModel_Alpha158_csi300_custom_step0_s_20260316_11,8236e62f26a34dd3a1d76fd7efb48be5,,,
75,2026-03-16,SH600905,-0.003076687455177307,EXP_LinearModel_Alpha158_csi300_custom_step0_s_20260316_11,8236e62f26a34dd3a1d76fd7efb48be5,,,
76,2026-03-16,SH600066,0.07698550820350647,EXP_LinearModel_Alpha158_csi300_custom_step0_s_20260316_11,8236e62f26a34dd3a1d76fd7efb48be5,,,
77,2026-03-16,SH600085,-0.012624979019165039,EXP_LinearModel_Alpha158_csi300_custom_step0_s_20260316_11,8236e62f26a34dd3a1d76fd7efb48be5,,,
78,2026-03-16,SH600089,0.0693323165178299,EXP_LinearModel_Alpha158_csi300_custom_step0_s_20260316_11,8236e62f26a34dd3a1d76fd7efb48be5,,,
79,2026-03-16,SH600104,0.07544714212417603,EXP_LinearModel_Alpha158_csi300_custom_step0_s_20260316_11,8236e62f26a34dd3a1d76fd7efb48be5,,,
80,2026-03-16,SH600111,0.04436155781149864,EXP_LinearModel_Alpha158_csi300_custom_step0_s_20260316_11,8236e62f26a34dd3a1d76fd7efb48be5,,,
81,2026-03-16,SH600115,0.1435159146785736,EXP_LinearModel_Alpha158_csi300_custom_step0_s_20260316_11,8236e62f26a34dd3a1d76fd7efb48be5,,,
82,2026-03-16,SH600061,-0.022343093529343605,EXP_LinearModel_Alpha158_csi300_custom_step0_s_20260316_11,8236e62f26a34dd3a1d76fd7efb48be5,,,
83,2026-03-16,SH600150,-0.07554461061954498,EXP_LinearModel_Alpha158_csi300_custom_step0_s_20260316_11,8236e62f26a34dd3a1d76fd7efb48be5,,,
84,2026-03-16,SH600161,0.012468340806663036,EXP_LinearModel_Alpha158_csi300_custom_step0_s_20260316_11,8236e62f26a34dd3a1d76fd7efb48be5,,,
85,2026-03-16,SH600176,0.3215060830116272,EXP_LinearModel_Alpha158_csi300_custom_step0_s_20260316_11,8236e62f26a34dd3a1d76fd7efb48be5,,,
86,2026-03-16,SH600183,-0.11939434707164764,EXP_LinearModel_Alpha158_csi300_custom_step0_s_20260316_11,8236e62f26a34dd3a1d76fd7efb48be5,,,
87,2026-03-16,SH600188,-0.09197649359703064,EXP_LinearModel_Alpha158_csi300_custom_step0_s_20260316_11,8236e62f26a34dd3a1d76fd7efb48be5,,,
88,2026-03-16,SH600196,0.08394379913806915,EXP_LinearModel_Alpha158_csi300_custom_step0_s_20260316_11,8236e62f26a34dd3a1d76fd7efb48be5,,,
89,2026-03-16,SH600219,-0.08905304968357086,EXP_LinearModel_Alpha158_csi300_custom_step0_s_20260316_11,8236e62f26a34dd3a1d76fd7efb48be5,,,
90,2026-03-16,SH600160,0.13691966235637665,EXP_LinearModel_Alpha158_csi300_custom_step0_s_20260316_11,8236e62f26a34dd3a1d76fd7efb48be5,,,
91,2026-03-16,SH600050,0.0611281581223011,EXP_LinearModel_Alpha158_csi300_custom_step0_s_20260316_11,8236e62f26a34dd3a1d76fd7efb48be5,,,
92,2026-03-16,SH600048,0.03196366876363754,EXP_LinearModel_Alpha158_csi300_custom_step0_s_20260316_11,8236e62f26a34dd3a1d76fd7efb48be5,,,
93,2026-03-16,SH600039,0.017027653753757477,EXP_LinearModel_Alpha158_csi300_custom_step0_s_20260316_11,8236e62f26a34dd3a1d76fd7efb48be5,,,
94,2026-03-16,SH600010,0.17773330211639404,EXP_LinearModel_Alpha158_csi300_custom_step0_s_20260316_11,8236e62f26a34dd3a1d76fd7efb48be5,,,
95,2026-03-16,SH600011,-0.005432523787021637,EXP_LinearModel_Alpha158_csi300_custom_step0_s_20260316_11,8236e62f26a34dd3a1d76fd7efb48be5,,,
96,2026-03-16,SH600015,0.10251789540052414,EXP_LinearModel_Alpha158_csi300_custom_step0_s_20260316_11,8236e62f26a34dd3a1d76fd7efb48be5,,,
97,2026-03-16,SH600016,0.10391737520694733,EXP_LinearModel_Alpha158_csi300_custom_step0_s_20260316_11,8236e62f26a34dd3a1d76fd7efb48be5,,,
98,2026-03-16,SH600018,0.07021213322877884,EXP_LinearModel_Alpha158_csi300_custom_step0_s_20260316_11,8236e62f26a34dd3a1d76fd7efb48be5,,,
99,2026-03-16,SH600019,-0.08940667659044266,EXP_LinearModel_Alpha158_csi300_custom_step0_s_20260316_11,8236e62f26a34dd3a1d76fd7efb48be5,,,
100,2026-03-16,SH600023,0.1352119743824005,EXP_LinearModel_Alpha158_csi300_custom_step0_s_20260316_11,8236e62f26a34dd3a1d76fd7efb48be5,,,
101,2026-03-16,SH600025,0.15786686539649963,EXP_LinearModel_Alpha158_csi300_custom_step0_s_20260316_11,8236e62f26a34dd3a1d76fd7efb48be5,,,
102,2026-03-16,SH600026,-0.11503684520721436,EXP_LinearModel_Alpha158_csi300_custom_step0_s_20260316_11,8236e62f26a34dd3a1d76fd7efb48be5,,,
103,2026-03-16,SH600027,0.1202925592660904,EXP_LinearModel_Alpha158_csi300_custom_step0_s_20260316_11,8236e62f26a34dd3a1d76fd7efb48be5,,,
104,2026-03-16,SH600028,-0.2179183065891266,EXP_LinearModel_Alpha158_csi300_custom_step0_s_20260316_11,8236e62f26a34dd3a1d76fd7efb48be5,,,
105,2026-03-16,SH600029,0.0828709825873375,EXP_LinearModel_Alpha158_csi300_custom_step0_s_20260316_11,8236e62f26a34dd3a1d76fd7efb48be5,,,
106,2026-03-16,SH600030,-0.04907619208097458,EXP_LinearModel_Alpha158_csi300_custom_step0_s_20260316_11,8236e62f26a34dd3a1d76fd7efb48be5,,,
107,2026-03-16,SH600031,0.11693564057350159,EXP_LinearModel_Alpha158_csi300_custom_step0_s_20260316_11,8236e62f26a34dd3a1d76fd7efb48be5,,,
108,2026-03-16,SH600036,0.1207314282655716,EXP_LinearModel_Alpha158_csi300_custom_step0_s_20260316_11,8236e62f26a34dd3a1d76fd7efb48be5,,,
109,2026-03-16,SH600233,0.12172012031078339,EXP_LinearModel_Alpha158_csi300_custom_step0_s_20260316_11,8236e62f26a34dd3a1d76fd7efb48be5,,,
110,2026-03-16,SH600276,0.14468884468078613,EXP_LinearModel_Alpha158_csi300_custom_step0_s_20260316_11,8236e62f26a34dd3a1d76fd7efb48be5,,,
111,2026-03-16,SH600309,-0.0725264921784401,EXP_LinearModel_Alpha158_csi300_custom_step0_s_20260316_11,8236e62f26a34dd3a1d76fd7efb48be5,,,
112,2026-03-16,SH600346,-0.19421517848968506,EXP_LinearModel_Alpha158_csi300_custom_step0_s_20260316_11,8236e62f26a34dd3a1d76fd7efb48be5,,,
113,2026-03-16,SH600600,0.07322050631046295,EXP_LinearModel_Alpha158_csi300_custom_step0_s_20260316_11,8236e62f26a34dd3a1d76fd7efb48be5,,,
114,2026-03-16,SH600660,0.018279332667589188,EXP_LinearModel_Alpha158_csi300_custom_step0_s_20260316_11,8236e62f26a34dd3a1d76fd7efb48be5,,,
115,2026-03-16,SH600674,0.05409230291843414,EXP_LinearModel_Alpha158_csi300_custom_step0_s_20260316_11,8236e62f26a34dd3a1d76fd7efb48be5,,,
116,2026-03-16,SH600690,0.056718870997428894,EXP_LinearModel_Alpha158_csi300_custom_step0_s_20260316_11,8236e62f26a34dd3a1d76fd7efb48be5,,,
117,2026-03-16,SH600741,0.1386183500289917,EXP_LinearModel_Alpha158_csi300_custom_step0_s_20260316_11,8236e62f26a34dd3a1d76fd7efb48be5,,,
118,2026-03-16,SH600760,0.06773653626441956,EXP_LinearModel_Alpha158_csi300_custom_step0_s_20260316_11,8236e62f26a34dd3a1d76fd7efb48be5,,,
119,2026-03-16,SH600795,0.18592184782028198,EXP_LinearModel_Alpha158_csi300_custom_step0_s_20260316_11,8236e62f26a34dd3a1d76fd7efb48be5,,,
120,2026-03-16,SH600803,-0.1602025330066681,EXP_LinearModel_Alpha158_csi300_custom_step0_s_20260316_11,8236e62f26a34dd3a1d76fd7efb48be5,,,
121,2026-03-16,SH600809,-0.02605651691555977,EXP_LinearModel_Alpha158_csi300_custom_step0_s_20260316_11,8236e62f26a34dd3a1d76fd7efb48be5,,,
122,2026-03-16,SH600845,0.16768386960029602,EXP_LinearModel_Alpha158_csi300_custom_step0_s_20260316_11,8236e62f26a34dd3a1d76fd7efb48be5,,,
123,2026-03-16,SH600875,0.5240210294723511,EXP_LinearModel_Alpha158_csi300_custom_step0_s_20260316_11,8236e62f26a34dd3a1d76fd7efb48be5,,,
124,2026-03-16,SH600886,0.03209666162729263,EXP_LinearModel_Alpha158_csi300_custom_step0_s_20260316_11,8236e62f26a34dd3a1d76fd7efb48be5,,,
125,2026-03-16,SH600887,0.09451840072870255,EXP_LinearModel_Alpha158_csi300_custom_step0_s_20260316_11,8236e62f26a34dd3a1d76fd7efb48be5,,,
126,2026-03-16,SH600893,0.45618167519569397,EXP_LinearModel_Alpha158_csi300_custom_step0_s_20260316_11,8236e62f26a34dd3a1d76fd7efb48be5,,,
127,2026-03-16,SH600900,0.10130318254232407,EXP_LinearModel_Alpha158_csi300_custom_step0_s_20260316_11,8236e62f26a34dd3a1d76fd7efb48be5,,,
128,2026-03-16,SH600588,0.04855905473232269,EXP_LinearModel_Alpha158_csi300_custom_step0_s_20260316_11,8236e62f26a34dd3a1d76fd7efb48be5,,,
129,2026-03-16,SH600918,0.0017275847494602203,EXP_LinearModel_Alpha158_csi300_custom_step0_s_20260316_11,8236e62f26a34dd3a1d76fd7efb48be5,,,
130,2026-03-16,SH600585,0.07715626806020737,EXP_LinearModel_Alpha158_csi300_custom_step0_s_20260316_11,8236e62f26a34dd3a1d76fd7efb48be5,,,
131,2026-03-16,SH600570,0.19533196091651917,EXP_LinearModel_Alpha158_csi300_custom_step0_s_20260316_11,8236e62f26a34dd3a1d76fd7efb48be5,,,
132,2026-03-16,SH600362,-0.08395664393901825,EXP_LinearModel_Alpha158_csi300_custom_step0_s_20260316_11,8236e62f26a34dd3a1d76fd7efb48be5,,,
133,2026-03-16,SH600372,0.213440403342247,EXP_LinearModel_Alpha158_csi300_custom_step0_s_20260316_11,8236e62f26a34dd3a1d76fd7efb48be5,,,
134,2026-03-16,SH600377,0.019226092845201492,EXP_LinearModel_Alpha158_csi300_custom_step0_s_20260316_11,8236e62f26a34dd3a1d76fd7efb48be5,,,
135,2026-03-16,SH600406,-0.02171250432729721,EXP_LinearModel_Alpha158_csi300_custom_step0_s_20260316_11,8236e62f26a34dd3a1d76fd7efb48be5,,,
136,2026-03-16,SH600415,0.08706017583608627,EXP_LinearModel_Alpha158_csi300_custom_step0_s_20260316_11,8236e62f26a34dd3a1d76fd7efb48be5,,,
137,2026-03-16,SH600426,-0.3902484178543091,EXP_LinearModel_Alpha158_csi300_custom_step0_s_20260316_11,8236e62f26a34dd3a1d76fd7efb48be5,,,
138,2026-03-16,SH600436,0.0033208802342414856,EXP_LinearModel_Alpha158_csi300_custom_step0_s_20260316_11,8236e62f26a34dd3a1d76fd7efb48be5,,,
139,2026-03-16,SH600438,,EXP_LinearModel_Alpha158_csi300_custom_step0_s_20260316_11,8236e62f26a34dd3a1d76fd7efb48be5,,,
140,2026-03-16,SH600460,0.11880576610565186,EXP_LinearModel_Alpha158_csi300_custom_step0_s_20260316_11,8236e62f26a34dd3a1d76fd7efb48be5,,,
141,2026-03-16,SH600482,0.2965153455734253,EXP_LinearModel_Alpha158_csi300_custom_step0_s_20260316_11,8236e62f26a34dd3a1d76fd7efb48be5,,,
142,2026-03-16,SH600489,0.06500713527202606,EXP_LinearModel_Alpha158_csi300_custom_step0_s_20260316_11,8236e62f26a34dd3a1d76fd7efb48be5,,,
143,2026-03-16,SH600515,0.10973020642995834,EXP_LinearModel_Alpha158_csi300_custom_step0_s_20260316_11,8236e62f26a34dd3a1d76fd7efb48be5,,,
144,2026-03-16,SH600519,-0.0018080063164234161,EXP_LinearModel_Alpha158_csi300_custom_step0_s_20260316_11,8236e62f26a34dd3a1d76fd7efb48be5,,,
145,2026-03-16,SH600522,-0.04468120262026787,EXP_LinearModel_Alpha158_csi300_custom_step0_s_20260316_11,8236e62f26a34dd3a1d76fd7efb48be5,,,
146,2026-03-16,SH600547,-0.058350905776023865,EXP_LinearModel_Alpha158_csi300_custom_step0_s_20260316_11,8236e62f26a34dd3a1d76fd7efb48be5,,,
147,2026-03-16,SH600584,-0.04713009297847748,EXP_LinearModel_Alpha158_csi300_custom_step0_s_20260316_11,8236e62f26a34dd3a1d76fd7efb48be5,,,
148,2026-03-16,SH600009,0.09075706452131271,EXP_LinearModel_Alpha158_csi300_custom_step0_s_20260316_11,8236e62f26a34dd3a1d76fd7efb48be5,,,
149,2026-03-16,SH601916,0.1044543981552124,EXP_LinearModel_Alpha158_csi300_custom_step0_s_20260316_11,8236e62f26a34dd3a1d76fd7efb48be5,,,
150,2026-03-16,SH601939,-0.025022268295288086,EXP_LinearModel_Alpha158_csi300_custom_step0_s_20260316_11,8236e62f26a34dd3a1d76fd7efb48be5,,,
151,2026-03-16,SZ002422,0.1877010315656662,EXP_LinearModel_Alpha158_csi300_custom_step0_s_20260316_11,8236e62f26a34dd3a1d76fd7efb48be5,,,
152,2026-03-16,SZ002459,-0.002319246530532837,EXP_LinearModel_Alpha158_csi300_custom_step0_s_20260316_11,8236e62f26a34dd3a1d76fd7efb48be5,,,
153,2026-03-16,SZ002460,0.03856569528579712,EXP_LinearModel_Alpha158_csi300_custom_step0_s_20260316_11,8236e62f26a34dd3a1d76fd7efb48be5,,,
154,2026-03-16,SZ002463,0.049972280859947205,EXP_LinearModel_Alpha158_csi300_custom_step0_s_20260316_11,8236e62f26a34dd3a1d76fd7efb48be5,,,
155,2026-03-16,SZ002466,-0.04533906280994415,EXP_LinearModel_Alpha158_csi300_custom_step0_s_20260316_11,8236e62f26a34dd3a1d76fd7efb48be5,,,
156,2026-03-16,SZ002475,0.09987752884626389,EXP_LinearModel_Alpha158_csi300_custom_step0_s_20260316_11,8236e62f26a34dd3a1d76fd7efb48be5,,,
157,2026-03-16,SZ002415,-0.04711306095123291,EXP_LinearModel_Alpha158_csi300_custom_step0_s_20260316_11,8236e62f26a34dd3a1d76fd7efb48be5,,,
158,2026-03-16,SZ002493,-0.04943058639764786,EXP_LinearModel_Alpha158_csi300_custom_step0_s_20260316_11,8236e62f26a34dd3a1d76fd7efb48be5,,,
159,2026-03-16,SZ002600,0.19947437942028046,EXP_LinearModel_Alpha158_csi300_custom_step0_s_20260316_11,8236e62f26a34dd3a1d76fd7efb48be5,,,
160,2026-03-16,SZ002601,-0.1254894882440567,EXP_LinearModel_Alpha158_csi300_custom_step0_s_20260316_11,8236e62f26a34dd3a1d76fd7efb48be5,,,
161,2026-03-16,SZ002625,0.011886488646268845,EXP_LinearModel_Alpha158_csi300_custom_step0_s_20260316_11,8236e62f26a34dd3a1d76fd7efb48be5,,,
162,2026-03-16,SZ002648,-0.10872676968574524,EXP_LinearModel_Alpha158_csi300_custom_step0_s_20260316_11,8236e62f26a34dd3a1d76fd7efb48be5,,,
163,2026-03-16,SZ002709,-0.10567909479141235,EXP_LinearModel_Alpha158_csi300_custom_step0_s_20260316_11,8236e62f26a34dd3a1d76fd7efb48be5,,,
164,2026-03-16,SZ002714,-0.001994119957089424,EXP_LinearModel_Alpha158_csi300_custom_step0_s_20260316_11,8236e62f26a34dd3a1d76fd7efb48be5,,,
165,2026-03-16,SZ002594,0.07021854817867279,EXP_LinearModel_Alpha158_csi300_custom_step0_s_20260316_11,8236e62f26a34dd3a1d76fd7efb48be5,,,
166,2026-03-16,SZ002384,-0.16796694695949554,EXP_LinearModel_Alpha158_csi300_custom_step0_s_20260316_11,8236e62f26a34dd3a1d76fd7efb48be5,,,
167,2026-03-16,SZ002371,0.07638874650001526,EXP_LinearModel_Alpha158_csi300_custom_step0_s_20260316_11,8236e62f26a34dd3a1d76fd7efb48be5,,,
168,2026-03-16,SZ002352,0.02115582674741745,EXP_LinearModel_Alpha158_csi300_custom_step0_s_20260316_11,8236e62f26a34dd3a1d76fd7efb48be5,,,
169,2026-03-16,SZ001979,0.03152768313884735,EXP_LinearModel_Alpha158_csi300_custom_step0_s_20260316_11,8236e62f26a34dd3a1d76fd7efb48be5,,,
170,2026-03-16,SZ002001,0.0608268566429615,EXP_LinearModel_Alpha158_csi300_custom_step0_s_20260316_11,8236e62f26a34dd3a1d76fd7efb48be5,,,
171,2026-03-16,SZ002027,-0.002297770231962204,EXP_LinearModel_Alpha158_csi300_custom_step0_s_20260316_11,8236e62f26a34dd3a1d76fd7efb48be5,,,
172,2026-03-16,SZ002028,0.04020511731505394,EXP_LinearModel_Alpha158_csi300_custom_step0_s_20260316_11,8236e62f26a34dd3a1d76fd7efb48be5,,,
173,2026-03-16,SZ002049,0.256518691778183,EXP_LinearModel_Alpha158_csi300_custom_step0_s_20260316_11,8236e62f26a34dd3a1d76fd7efb48be5,,,
174,2026-03-16,SZ002050,0.10659897327423096,EXP_LinearModel_Alpha158_csi300_custom_step0_s_20260316_11,8236e62f26a34dd3a1d76fd7efb48be5,,,
175,2026-03-16,SZ002074,0.06268240511417389,EXP_LinearModel_Alpha158_csi300_custom_step0_s_20260316_11,8236e62f26a34dd3a1d76fd7efb48be5,,,
176,2026-03-16,SZ002142,0.07748710364103317,EXP_LinearModel_Alpha158_csi300_custom_step0_s_20260316_11,8236e62f26a34dd3a1d76fd7efb48be5,,,
177,2026-03-16,SZ002179,0.20523051917552948,EXP_LinearModel_Alpha158_csi300_custom_step0_s_20260316_11,8236e62f26a34dd3a1d76fd7efb48be5,,,
178,2026-03-16,SZ002230,-0.014597420580685139,EXP_LinearModel_Alpha158_csi300_custom_step0_s_20260316_11,8236e62f26a34dd3a1d76fd7efb48be5,,,
179,2026-03-16,SZ002236,0.06110294908285141,EXP_LinearModel_Alpha158_csi300_custom_step0_s_20260316_11,8236e62f26a34dd3a1d76fd7efb48be5,,,
180,2026-03-16,SZ002241,0.19627030193805695,EXP_LinearModel_Alpha158_csi300_custom_step0_s_20260316_11,8236e62f26a34dd3a1d76fd7efb48be5,,,
181,2026-03-16,SZ002252,0.07756216824054718,EXP_LinearModel_Alpha158_csi300_custom_step0_s_20260316_11,8236e62f26a34dd3a1d76fd7efb48be5,,,
182,2026-03-16,SZ002304,0.04923698306083679,EXP_LinearModel_Alpha158_csi300_custom_step0_s_20260316_11,8236e62f26a34dd3a1d76fd7efb48be5,,,
183,2026-03-16,SZ002311,0.08040005713701248,EXP_LinearModel_Alpha158_csi300_custom_step0_s_20260316_11,8236e62f26a34dd3a1d76fd7efb48be5,,,
184,2026-03-16,SZ002736,0.08749552071094513,EXP_LinearModel_Alpha158_csi300_custom_step0_s_20260316_11,8236e62f26a34dd3a1d76fd7efb48be5,,,
185,2026-03-16,SZ002916,0.12934690713882446,EXP_LinearModel_Alpha158_csi300_custom_step0_s_20260316_11,8236e62f26a34dd3a1d76fd7efb48be5,,,
186,2026-03-16,SZ002920,0.009948689490556717,EXP_LinearModel_Alpha158_csi300_custom_step0_s_20260316_11,8236e62f26a34dd3a1d76fd7efb48be5,,,
187,2026-03-16,SZ002938,0.13364361226558685,EXP_LinearModel_Alpha158_csi300_custom_step0_s_20260316_11,8236e62f26a34dd3a1d76fd7efb48be5,,,
188,2026-03-16,SZ300498,0.040145620703697205,EXP_LinearModel_Alpha158_csi300_custom_step0_s_20260316_11,8236e62f26a34dd3a1d76fd7efb48be5,,,
189,2026-03-16,SZ300502,-0.11231788992881775,EXP_LinearModel_Alpha158_csi300_custom_step0_s_20260316_11,8236e62f26a34dd3a1d76fd7efb48be5,,,
190,2026-03-16,SZ300628,0.0028999559581279755,EXP_LinearModel_Alpha158_csi300_custom_step0_s_20260316_11,8236e62f26a34dd3a1d76fd7efb48be5,,,
191,2026-03-16,SZ300661,0.09525984525680542,EXP_LinearModel_Alpha158_csi300_custom_step0_s_20260316_11,8236e62f26a34dd3a1d76fd7efb48be5,,,
192,2026-03-16,SZ300750,0.07547712326049805,EXP_LinearModel_Alpha158_csi300_custom_step0_s_20260316_11,8236e62f26a34dd3a1d76fd7efb48be5,,,
193,2026-03-16,SZ300759,0.0867384746670723,EXP_LinearModel_Alpha158_csi300_custom_step0_s_20260316_11,8236e62f26a34dd3a1d76fd7efb48be5,,,
194,2026-03-16,SZ300760,0.07623465359210968,EXP_LinearModel_Alpha158_csi300_custom_step0_s_20260316_11,8236e62f26a34dd3a1d76fd7efb48be5,,,
195,2026-03-16,SZ300782,0.14925739169120789,EXP_LinearModel_Alpha158_csi300_custom_step0_s_20260316_11,8236e62f26a34dd3a1d76fd7efb48be5,,,
196,2026-03-16,SZ300803,-0.035641081631183624,EXP_LinearModel_Alpha158_csi300_custom_step0_s_20260316_11,8236e62f26a34dd3a1d76fd7efb48be5,,,
197,2026-03-16,SZ300832,0.024670761078596115,EXP_LinearModel_Alpha158_csi300_custom_step0_s_20260316_11,8236e62f26a34dd3a1d76fd7efb48be5,,,
198,2026-03-16,SZ300866,-0.0491219200193882,EXP_LinearModel_Alpha158_csi300_custom_step0_s_20260316_11,8236e62f26a34dd3a1d76fd7efb48be5,,,
199,2026-03-16,SZ300896,-0.0021829064935445786,EXP_LinearModel_Alpha158_csi300_custom_step0_s_20260316_11,8236e62f26a34dd3a1d76fd7efb48be5,,,
200,2026-03-16,SZ300979,0.09962974488735199,EXP_LinearModel_Alpha158_csi300_custom_step0_s_20260316_11,8236e62f26a34dd3a1d76fd7efb48be5,,,
201,2026-03-16,SZ300999,-0.30661746859550476,EXP_LinearModel_Alpha158_csi300_custom_step0_s_20260316_11,8236e62f26a34dd3a1d76fd7efb48be5,,,
202,2026-03-16,SZ301236,0.05204596742987633,EXP_LinearModel_Alpha158_csi300_custom_step0_s_20260316_11,8236e62f26a34dd3a1d76fd7efb48be5,,,
203,2026-03-16,SZ300476,-0.0024525411427021027,EXP_LinearModel_Alpha158_csi300_custom_step0_s_20260316_11,8236e62f26a34dd3a1d76fd7efb48be5,,,
204,2026-03-16,SZ001965,0.07371196895837784,EXP_LinearModel_Alpha158_csi300_custom_step0_s_20260316_11,8236e62f26a34dd3a1d76fd7efb48be5,,,
205,2026-03-16,SZ300442,,EXP_LinearModel_Alpha158_csi300_custom_step0_s_20260316_11,8236e62f26a34dd3a1d76fd7efb48be5,,,
206,2026-03-16,SZ300418,0.2926286458969116,EXP_LinearModel_Alpha158_csi300_custom_step0_s_20260316_11,8236e62f26a34dd3a1d76fd7efb48be5,,,
207,2026-03-16,SZ003816,-0.02461504191160202,EXP_LinearModel_Alpha158_csi300_custom_step0_s_20260316_11,8236e62f26a34dd3a1d76fd7efb48be5,,,
208,2026-03-16,SZ300014,-0.04211074113845825,EXP_LinearModel_Alpha158_csi300_custom_step0_s_20260316_11,8236e62f26a34dd3a1d76fd7efb48be5,,,
209,2026-03-16,SZ300015,0.01708127185702324,EXP_LinearModel_Alpha158_csi300_custom_step0_s_20260316_11,8236e62f26a34dd3a1d76fd7efb48be5,,,
210,2026-03-16,SZ300033,0.1237390860915184,EXP_LinearModel_Alpha158_csi300_custom_step0_s_20260316_11,8236e62f26a34dd3a1d76fd7efb48be5,,,
211,2026-03-16,SZ300059,0.06718620657920837,EXP_LinearModel_Alpha158_csi300_custom_step0_s_20260316_11,8236e62f26a34dd3a1d76fd7efb48be5,,,
212,2026-03-16,SZ300122,0.05384597182273865,EXP_LinearModel_Alpha158_csi300_custom_step0_s_20260316_11,8236e62f26a34dd3a1d76fd7efb48be5,,,
213,2026-03-16,SZ300124,0.036429814994335175,EXP_LinearModel_Alpha158_csi300_custom_step0_s_20260316_11,8236e62f26a34dd3a1d76fd7efb48be5,,,
214,2026-03-16,SZ300251,-0.15424062311649323,EXP_LinearModel_Alpha158_csi300_custom_step0_s_20260316_11,8236e62f26a34dd3a1d76fd7efb48be5,,,
215,2026-03-16,SZ300274,-0.15697762370109558,EXP_LinearModel_Alpha158_csi300_custom_step0_s_20260316_11,8236e62f26a34dd3a1d76fd7efb48be5,,,
216,2026-03-16,SZ300308,-0.01003928855061531,EXP_LinearModel_Alpha158_csi300_custom_step0_s_20260316_11,8236e62f26a34dd3a1d76fd7efb48be5,,,
217,2026-03-16,SZ300316,0.2390960305929184,EXP_LinearModel_Alpha158_csi300_custom_step0_s_20260316_11,8236e62f26a34dd3a1d76fd7efb48be5,,,
218,2026-03-16,SZ300347,0.10260604321956635,EXP_LinearModel_Alpha158_csi300_custom_step0_s_20260316_11,8236e62f26a34dd3a1d76fd7efb48be5,,,
219,2026-03-16,SZ300394,0.16707108914852142,EXP_LinearModel_Alpha158_csi300_custom_step0_s_20260316_11,8236e62f26a34dd3a1d76fd7efb48be5,,,
220,2026-03-16,SZ300408,0.17493560910224915,EXP_LinearModel_Alpha158_csi300_custom_step0_s_20260316_11,8236e62f26a34dd3a1d76fd7efb48be5,,,
221,2026-03-16,SZ300413,0.01951422542333603,EXP_LinearModel_Alpha158_csi300_custom_step0_s_20260316_11,8236e62f26a34dd3a1d76fd7efb48be5,,,
222,2026-03-16,SZ300433,0.135096475481987,EXP_LinearModel_Alpha158_csi300_custom_step0_s_20260316_11,8236e62f26a34dd3a1d76fd7efb48be5,,,
223,2026-03-16,SH601919,-0.10015293955802917,EXP_LinearModel_Alpha158_csi300_custom_step0_s_20260316_11,8236e62f26a34dd3a1d76fd7efb48be5,,,
224,2026-03-16,SZ001391,0.047493476420640945,EXP_LinearModel_Alpha158_csi300_custom_step0_s_20260316_11,8236e62f26a34dd3a1d76fd7efb48be5,,,
225,2026-03-16,SZ000983,-0.22437554597854614,EXP_LinearModel_Alpha158_csi300_custom_step0_s_20260316_11,8236e62f26a34dd3a1d76fd7efb48be5,,,
226,2026-03-16,SH688008,0.1286567747592926,EXP_LinearModel_Alpha158_csi300_custom_step0_s_20260316_11,8236e62f26a34dd3a1d76fd7efb48be5,,,
227,2026-03-16,SH688009,0.0726127028465271,EXP_LinearModel_Alpha158_csi300_custom_step0_s_20260316_11,8236e62f26a34dd3a1d76fd7efb48be5,,,
228,2026-03-16,SH688012,-0.02747184783220291,EXP_LinearModel_Alpha158_csi300_custom_step0_s_20260316_11,8236e62f26a34dd3a1d76fd7efb48be5,,,
229,2026-03-16,SH688036,0.09959043562412262,EXP_LinearModel_Alpha158_csi300_custom_step0_s_20260316_11,8236e62f26a34dd3a1d76fd7efb48be5,,,
230,2026-03-16,SH688041,0.15700817108154297,EXP_LinearModel_Alpha158_csi300_custom_step0_s_20260316_11,8236e62f26a34dd3a1d76fd7efb48be5,,,
231,2026-03-16,SH688047,-0.04458467289805412,EXP_LinearModel_Alpha158_csi300_custom_step0_s_20260316_11,8236e62f26a34dd3a1d76fd7efb48be5,,,
232,2026-03-16,SH605499,0.10809817910194397,EXP_LinearModel_Alpha158_csi300_custom_step0_s_20260316_11,8236e62f26a34dd3a1d76fd7efb48be5,,,
233,2026-03-16,SH688082,0.0727522224187851,EXP_LinearModel_Alpha158_csi300_custom_step0_s_20260316_11,8236e62f26a34dd3a1d76fd7efb48be5,,,
234,2026-03-16,SH688126,0.1182430163025856,EXP_LinearModel_Alpha158_csi300_custom_step0_s_20260316_11,8236e62f26a34dd3a1d76fd7efb48be5,,,
235,2026-03-16,SH688169,0.09309526532888412,EXP_LinearModel_Alpha158_csi300_custom_step0_s_20260316_11,8236e62f26a34dd3a1d76fd7efb48be5,,,
236,2026-03-16,SH688187,0.15653583407402039,EXP_LinearModel_Alpha158_csi300_custom_step0_s_20260316_11,8236e62f26a34dd3a1d76fd7efb48be5,,,
237,2026-03-16,SH688223,0.08823958039283752,EXP_LinearModel_Alpha158_csi300_custom_step0_s_20260316_11,8236e62f26a34dd3a1d76fd7efb48be5,,,
238,2026-03-16,SH688256,0.21196940541267395,EXP_LinearModel_Alpha158_csi300_custom_step0_s_20260316_11,8236e62f26a34dd3a1d76fd7efb48be5,,,
239,2026-03-16,SH688271,0.06490867584943771,EXP_LinearModel_Alpha158_csi300_custom_step0_s_20260316_11,8236e62f26a34dd3a1d76fd7efb48be5,,,
240,2026-03-16,SH688111,-0.09570586681365967,EXP_LinearModel_Alpha158_csi300_custom_step0_s_20260316_11,8236e62f26a34dd3a1d76fd7efb48be5,,,
241,2026-03-16,SH605117,-0.26210668683052063,EXP_LinearModel_Alpha158_csi300_custom_step0_s_20260316_11,8236e62f26a34dd3a1d76fd7efb48be5,,,
242,2026-03-16,SH603993,0.11991371214389801,EXP_LinearModel_Alpha158_csi300_custom_step0_s_20260316_11,8236e62f26a34dd3a1d76fd7efb48be5,,,
243,2026-03-16,SH603986,-0.019676849246025085,EXP_LinearModel_Alpha158_csi300_custom_step0_s_20260316_11,8236e62f26a34dd3a1d76fd7efb48be5,,,
244,2026-03-16,SH601985,-0.08067099004983902,EXP_LinearModel_Alpha158_csi300_custom_step0_s_20260316_11,8236e62f26a34dd3a1d76fd7efb48be5,,,
245,2026-03-16,SH601988,-0.046214036643505096,EXP_LinearModel_Alpha158_csi300_custom_step0_s_20260316_11,8236e62f26a34dd3a1d76fd7efb48be5,,,
246,2026-03-16,SH601995,,EXP_LinearModel_Alpha158_csi300_custom_step0_s_20260316_11,8236e62f26a34dd3a1d76fd7efb48be5,,,
247,2026-03-16,SH601998,0.04101106524467468,EXP_LinearModel_Alpha158_csi300_custom_step0_s_20260316_11,8236e62f26a34dd3a1d76fd7efb48be5,,,
248,2026-03-16,SH603019,0.158162921667099,EXP_LinearModel_Alpha158_csi300_custom_step0_s_20260316_11,8236e62f26a34dd3a1d76fd7efb48be5,,,
249,2026-03-16,SH603195,-0.057943958789110184,EXP_LinearModel_Alpha158_csi300_custom_step0_s_20260316_11,8236e62f26a34dd3a1d76fd7efb48be5,,,
250,2026-03-16,SH603259,0.07473906129598618,EXP_LinearModel_Alpha158_csi300_custom_step0_s_20260316_11,8236e62f26a34dd3a1d76fd7efb48be5,,,
251,2026-03-16,SH603260,0.11186105012893677,EXP_LinearModel_Alpha158_csi300_custom_step0_s_20260316_11,8236e62f26a34dd3a1d76fd7efb48be5,,,
252,2026-03-16,SH603288,0.06777863949537277,EXP_LinearModel_Alpha158_csi300_custom_step0_s_20260316_11,8236e62f26a34dd3a1d76fd7efb48be5,,,
253,2026-03-16,SH603296,0.04870709776878357,EXP_LinearModel_Alpha158_csi300_custom_step0_s_20260316_11,8236e62f26a34dd3a1d76fd7efb48be5,,,
254,2026-03-16,SH603369,0.048027411103248596,EXP_LinearModel_Alpha158_csi300_custom_step0_s_20260316_11,8236e62f26a34dd3a1d76fd7efb48be5,,,
255,2026-03-16,SH603392,0.07327829301357269,EXP_LinearModel_Alpha158_csi300_custom_step0_s_20260316_11,8236e62f26a34dd3a1d76fd7efb48be5,,,
256,2026-03-16,SH603501,-0.08410535007715225,EXP_LinearModel_Alpha158_csi300_custom_step0_s_20260316_11,8236e62f26a34dd3a1d76fd7efb48be5,,,
257,2026-03-16,SH603799,-0.08033014088869095,EXP_LinearModel_Alpha158_csi300_custom_step0_s_20260316_11,8236e62f26a34dd3a1d76fd7efb48be5,,,
258,2026-03-16,SH603893,0.022212058305740356,EXP_LinearModel_Alpha158_csi300_custom_step0_s_20260316_11,8236e62f26a34dd3a1d76fd7efb48be5,,,
259,2026-03-16,SH688303,-0.04673449695110321,EXP_LinearModel_Alpha158_csi300_custom_step0_s_20260316_11,8236e62f26a34dd3a1d76fd7efb48be5,,,
260,2026-03-16,SH688396,0.24961882829666138,EXP_LinearModel_Alpha158_csi300_custom_step0_s_20260316_11,8236e62f26a34dd3a1d76fd7efb48be5,,,
261,2026-03-16,SH688472,-0.0005528107285499573,EXP_LinearModel_Alpha158_csi300_custom_step0_s_20260316_11,8236e62f26a34dd3a1d76fd7efb48be5,,,
262,2026-03-16,SH688506,0.2602027356624603,EXP_LinearModel_Alpha158_csi300_custom_step0_s_20260316_11,8236e62f26a34dd3a1d76fd7efb48be5,,,
263,2026-03-16,SZ000661,-0.010394511744379997,EXP_LinearModel_Alpha158_csi300_custom_step0_s_20260316_11,8236e62f26a34dd3a1d76fd7efb48be5,,,
264,2026-03-16,SZ000708,-0.25080233812332153,EXP_LinearModel_Alpha158_csi300_custom_step0_s_20260316_11,8236e62f26a34dd3a1d76fd7efb48be5,,,
265,2026-03-16,SZ000725,0.1012263149023056,EXP_LinearModel_Alpha158_csi300_custom_step0_s_20260316_11,8236e62f26a34dd3a1d76fd7efb48be5,,,
266,2026-03-16,SZ000768,0.285213828086853,EXP_LinearModel_Alpha158_csi300_custom_step0_s_20260316_11,8236e62f26a34dd3a1d76fd7efb48be5,,,
267,2026-03-16,SZ000776,-0.13466599583625793,EXP_LinearModel_Alpha158_csi300_custom_step0_s_20260316_11,8236e62f26a34dd3a1d76fd7efb48be5,,,
268,2026-03-16,SZ000786,0.13356272876262665,EXP_LinearModel_Alpha158_csi300_custom_step0_s_20260316_11,8236e62f26a34dd3a1d76fd7efb48be5,,,
269,2026-03-16,SZ000792,-0.05403118580579758,EXP_LinearModel_Alpha158_csi300_custom_step0_s_20260316_11,8236e62f26a34dd3a1d76fd7efb48be5,,,
270,2026-03-16,SZ000807,-0.26677316427230835,EXP_LinearModel_Alpha158_csi300_custom_step0_s_20260316_11,8236e62f26a34dd3a1d76fd7efb48be5,,,
271,2026-03-16,SZ000858,0.06395766884088516,EXP_LinearModel_Alpha158_csi300_custom_step0_s_20260316_11,8236e62f26a34dd3a1d76fd7efb48be5,,,
272,2026-03-16,SZ000876,0.08231887966394424,EXP_LinearModel_Alpha158_csi300_custom_step0_s_20260316_11,8236e62f26a34dd3a1d76fd7efb48be5,,,
273,2026-03-16,SZ000895,0.12772807478904724,EXP_LinearModel_Alpha158_csi300_custom_step0_s_20260316_11,8236e62f26a34dd3a1d76fd7efb48be5,,,
274,2026-03-16,SZ000938,-0.050956618040800095,EXP_LinearModel_Alpha158_csi300_custom_step0_s_20260316_11,8236e62f26a34dd3a1d76fd7efb48be5,,,
275,2026-03-16,SZ000963,0.0066823288798332214,EXP_LinearModel_Alpha158_csi300_custom_step0_s_20260316_11,8236e62f26a34dd3a1d76fd7efb48be5,,,
276,2026-03-16,SZ000975,0.03977823257446289,EXP_LinearModel_Alpha158_csi300_custom_step0_s_20260316_11,8236e62f26a34dd3a1d76fd7efb48be5,,,
277,2026-03-16,SZ000977,0.07079430669546127,EXP_LinearModel_Alpha158_csi300_custom_step0_s_20260316_11,8236e62f26a34dd3a1d76fd7efb48be5,,,
278,2026-03-16,SZ000651,0.09551263600587845,EXP_LinearModel_Alpha158_csi300_custom_step0_s_20260316_11,8236e62f26a34dd3a1d76fd7efb48be5,,,
279,2026-03-16,SZ000999,-0.02126912958920002,EXP_LinearModel_Alpha158_csi300_custom_step0_s_20260316_11,8236e62f26a34dd3a1d76fd7efb48be5,,,
280,2026-03-16,SZ000630,-0.02120409905910492,EXP_LinearModel_Alpha158_csi300_custom_step0_s_20260316_11,8236e62f26a34dd3a1d76fd7efb48be5,,,
281,2026-03-16,SZ000617,-0.026001304388046265,EXP_LinearModel_Alpha158_csi300_custom_step0_s_20260316_11,8236e62f26a34dd3a1d76fd7efb48be5,,,
282,2026-03-16,SH688981,-0.06648457795381546,EXP_LinearModel_Alpha158_csi300_custom_step0_s_20260316_11,8236e62f26a34dd3a1d76fd7efb48be5,,,
283,2026-03-16,SZ000001,0.04333317652344704,EXP_LinearModel_Alpha158_csi300_custom_step0_s_20260316_11,8236e62f26a34dd3a1d76fd7efb48be5,,,
284,2026-03-16,SZ000002,0.025249555706977844,EXP_LinearModel_Alpha158_csi300_custom_step0_s_20260316_11,8236e62f26a34dd3a1d76fd7efb48be5,,,
285,2026-03-16,SZ000063,0.12038931250572205,EXP_LinearModel_Alpha158_csi300_custom_step0_s_20260316_11,8236e62f26a34dd3a1d76fd7efb48be5,,,
286,2026-03-16,SZ000100,0.06511708348989487,EXP_LinearModel_Alpha158_csi300_custom_step0_s_20260316_11,8236e62f26a34dd3a1d76fd7efb48be5,,,
287,2026-03-16,SZ000157,0.2562302350997925,EXP_LinearModel_Alpha158_csi300_custom_step0_s_20260316_11,8236e62f26a34dd3a1d76fd7efb48be5,,,
288,2026-03-16,SZ000166,0.011877579614520073,EXP_LinearModel_Alpha158_csi300_custom_step0_s_20260316_11,8236e62f26a34dd3a1d76fd7efb48be5,,,
289,2026-03-16,SZ000301,-0.2887900471687317,EXP_LinearModel_Alpha158_csi300_custom_step0_s_20260316_11,8236e62f26a34dd3a1d76fd7efb48be5,,,
290,2026-03-16,SZ000333,0.16740946471691132,EXP_LinearModel_Alpha158_csi300_custom_step0_s_20260316_11,8236e62f26a34dd3a1d76fd7efb48be5,,,
291,2026-03-16,SZ000338,0.2917936444282532,EXP_LinearModel_Alpha158_csi300_custom_step0_s_20260316_11,8236e62f26a34dd3a1d76fd7efb48be5,,,
292,2026-03-16,SZ000408,-0.07431240379810333,EXP_LinearModel_Alpha158_csi300_custom_step0_s_20260316_11,8236e62f26a34dd3a1d76fd7efb48be5,,,
293,2026-03-16,SZ000425,0.13856643438339233,EXP_LinearModel_Alpha158_csi300_custom_step0_s_20260316_11,8236e62f26a34dd3a1d76fd7efb48be5,,,
294,2026-03-16,SZ000538,0.013001551851630211,EXP_LinearModel_Alpha158_csi300_custom_step0_s_20260316_11,8236e62f26a34dd3a1d76fd7efb48be5,,,
295,2026-03-16,SZ000568,0.05072967708110809,EXP_LinearModel_Alpha158_csi300_custom_step0_s_20260316_11,8236e62f26a34dd3a1d76fd7efb48be5,,,
296,2026-03-16,SZ000596,0.12228181958198547,EXP_LinearModel_Alpha158_csi300_custom_step0_s_20260316_11,8236e62f26a34dd3a1d76fd7efb48be5,,,
297,2026-03-16,SZ000625,-0.024554351344704628,EXP_LinearModel_Alpha158_csi300_custom_step0_s_20260316_11,8236e62f26a34dd3a1d76fd7efb48be5,,,
298,2026-03-16,SH600000,0.0075693633407354355,EXP_LinearModel_Alpha158_csi300_custom_step0_s_20260316_11,8236e62f26a34dd3a1d76fd7efb48be5,,,
299,2026-03-16,SZ302132,-0.058591461338276946,EXP_DEnsembleModel_Alpha158_csi300_custom_step0_s_20260316_11,12f1351121a3481f908663fb103095af,,,
300,2026-03-16,SZ301269,0.009993799422184889,EXP_DEnsembleModel_Alpha158_csi300_custom_step0_s_20260316_11,12f1351121a3481f908663fb103095af,,,
301,2026-03-16,SH601117,-0.0726058088749695,EXP_DEnsembleModel_Alpha158_csi300_custom_step0_s_20260316_11,12f1351121a3481f908663fb103095af,,,
302,2026-03-16,SH601127,-0.011252468697947162,EXP_DEnsembleModel_Alpha158_csi300_custom_step0_s_20260316_11,12f1351121a3481f908663fb103095af,,,
303,2026-03-16,SH601136,-0.0436206163605855,EXP_DEnsembleModel_Alpha158_csi300_custom_step0_s_20260316_11,12f1351121a3481f908663fb103095af,,,
304,2026-03-16,SH601138,0.10808885538297895,EXP_DEnsembleModel_Alpha158_csi300_custom_step0_s_20260316_11,12f1351121a3481f908663fb103095af,,,
305,2026-03-16,SH601166,0.1051397286885442,EXP_DEnsembleModel_Alpha158_csi300_custom_step0_s_20260316_11,12f1351121a3481f908663fb103095af,,,
306,2026-03-16,SH601169,0.10964082531246593,EXP_DEnsembleModel_Alpha158_csi300_custom_step0_s_20260316_11,12f1351121a3481f908663fb103095af,,,
307,2026-03-16,SH601111,0.0676177737383066,EXP_DEnsembleModel_Alpha158_csi300_custom_step0_s_20260316_11,12f1351121a3481f908663fb103095af,,,
308,2026-03-16,SH601186,-0.01723632200247186,EXP_DEnsembleModel_Alpha158_csi300_custom_step0_s_20260316_11,12f1351121a3481f908663fb103095af,,,
309,2026-03-16,SH601225,-0.08313780490924548,EXP_DEnsembleModel_Alpha158_csi300_custom_step0_s_20260316_11,12f1351121a3481f908663fb103095af,,,
310,2026-03-16,SH601229,0.14928711751313084,EXP_DEnsembleModel_Alpha158_csi300_custom_step0_s_20260316_11,12f1351121a3481f908663fb103095af,,,
311,2026-03-16,SH601236,0.08864725457481332,EXP_DEnsembleModel_Alpha158_csi300_custom_step0_s_20260316_11,12f1351121a3481f908663fb103095af,,,
312,2026-03-16,SH601238,0.07027676501393192,EXP_DEnsembleModel_Alpha158_csi300_custom_step0_s_20260316_11,12f1351121a3481f908663fb103095af,,,
313,2026-03-16,SH601288,0.07343677737162956,EXP_DEnsembleModel_Alpha158_csi300_custom_step0_s_20260316_11,12f1351121a3481f908663fb103095af,,,
314,2026-03-16,SH601298,0.007247846853048127,EXP_DEnsembleModel_Alpha158_csi300_custom_step0_s_20260316_11,12f1351121a3481f908663fb103095af,,,
315,2026-03-16,SH601211,-0.09990935039578414,EXP_DEnsembleModel_Alpha158_csi300_custom_step0_s_20260316_11,12f1351121a3481f908663fb103095af,,,
316,2026-03-16,SH601100,0.09080661054972969,EXP_DEnsembleModel_Alpha158_csi300_custom_step0_s_20260316_11,12f1351121a3481f908663fb103095af,,,
317,2026-03-16,SH601088,-0.13258322086867505,EXP_DEnsembleModel_Alpha158_csi300_custom_step0_s_20260316_11,12f1351121a3481f908663fb103095af,,,
318,2026-03-16,SH601077,-0.025339877747471828,EXP_DEnsembleModel_Alpha158_csi300_custom_step0_s_20260316_11,12f1351121a3481f908663fb103095af,,,
319,2026-03-16,SH600926,0.03954532063870219,EXP_DEnsembleModel_Alpha158_csi300_custom_step0_s_20260316_11,12f1351121a3481f908663fb103095af,,,
320,2026-03-16,SH600930,-0.19132397610362645,EXP_DEnsembleModel_Alpha158_csi300_custom_step0_s_20260316_11,12f1351121a3481f908663fb103095af,,,
321,2026-03-16,SH600938,-0.05166932682663384,EXP_DEnsembleModel_Alpha158_csi300_custom_step0_s_20260316_11,12f1351121a3481f908663fb103095af,,,
322,2026-03-16,SH600941,0.08445630668276605,EXP_DEnsembleModel_Alpha158_csi300_custom_step0_s_20260316_11,12f1351121a3481f908663fb103095af,,,
323,2026-03-16,SH600958,-0.10858377285489622,EXP_DEnsembleModel_Alpha158_csi300_custom_step0_s_20260316_11,12f1351121a3481f908663fb103095af,,,
324,2026-03-16,SH600989,-0.15189889774937054,EXP_DEnsembleModel_Alpha158_csi300_custom_step0_s_20260316_11,12f1351121a3481f908663fb103095af,,,
325,2026-03-16,SH600999,-0.0615432431783883,EXP_DEnsembleModel_Alpha158_csi300_custom_step0_s_20260316_11,12f1351121a3481f908663fb103095af,,,
326,2026-03-16,SH601006,0.13070364461607098,EXP_DEnsembleModel_Alpha158_csi300_custom_step0_s_20260316_11,12f1351121a3481f908663fb103095af,,,
327,2026-03-16,SH601009,0.17981199593134786,EXP_DEnsembleModel_Alpha158_csi300_custom_step0_s_20260316_11,12f1351121a3481f908663fb103095af,,,
328,2026-03-16,SH601012,0.03974599541899286,EXP_DEnsembleModel_Alpha158_csi300_custom_step0_s_20260316_11,12f1351121a3481f908663fb103095af,,,
329,2026-03-16,SH601018,0.11723865238216379,EXP_DEnsembleModel_Alpha158_csi300_custom_step0_s_20260316_11,12f1351121a3481f908663fb103095af,,,
330,2026-03-16,SH601021,0.005319768930374935,EXP_DEnsembleModel_Alpha158_csi300_custom_step0_s_20260316_11,12f1351121a3481f908663fb103095af,,,
331,2026-03-16,SH601058,0.027800436706445494,EXP_DEnsembleModel_Alpha158_csi300_custom_step0_s_20260316_11,12f1351121a3481f908663fb103095af,,,
332,2026-03-16,SH601059,-0.057553073059827306,EXP_DEnsembleModel_Alpha158_csi300_custom_step0_s_20260316_11,12f1351121a3481f908663fb103095af,,,
333,2026-03-16,SH601066,-0.04505866402528034,EXP_DEnsembleModel_Alpha158_csi300_custom_step0_s_20260316_11,12f1351121a3481f908663fb103095af,,,
334,2026-03-16,SH601318,-0.027814579372075442,EXP_DEnsembleModel_Alpha158_csi300_custom_step0_s_20260316_11,12f1351121a3481f908663fb103095af,,,
335,2026-03-16,SH601319,0.006149991579230384,EXP_DEnsembleModel_Alpha158_csi300_custom_step0_s_20260316_11,12f1351121a3481f908663fb103095af,,,
336,2026-03-16,SH601328,0.07058120404124134,EXP_DEnsembleModel_Alpha158_csi300_custom_step0_s_20260316_11,12f1351121a3481f908663fb103095af,,,
337,2026-03-16,SH601336,-0.0892368186184899,EXP_DEnsembleModel_Alpha158_csi300_custom_step0_s_20260316_11,12f1351121a3481f908663fb103095af,,,
338,2026-03-16,SH601788,-0.06710575574335645,EXP_DEnsembleModel_Alpha158_csi300_custom_step0_s_20260316_11,12f1351121a3481f908663fb103095af,,,
339,2026-03-16,SH601800,-0.0481018181933462,EXP_DEnsembleModel_Alpha158_csi300_custom_step0_s_20260316_11,12f1351121a3481f908663fb103095af,,,
340,2026-03-16,SH601808,-0.06358503425482721,EXP_DEnsembleModel_Alpha158_csi300_custom_step0_s_20260316_11,12f1351121a3481f908663fb103095af,,,
341,2026-03-16,SH601816,0.13757989754634625,EXP_DEnsembleModel_Alpha158_csi300_custom_step0_s_20260316_11,12f1351121a3481f908663fb103095af,,,
342,2026-03-16,SH601818,0.09845457658461623,EXP_DEnsembleModel_Alpha158_csi300_custom_step0_s_20260316_11,12f1351121a3481f908663fb103095af,,,
343,2026-03-16,SH601825,-0.018582758810688688,EXP_DEnsembleModel_Alpha158_csi300_custom_step0_s_20260316_11,12f1351121a3481f908663fb103095af,,,
344,2026-03-16,SH601838,0.17791004285716125,EXP_DEnsembleModel_Alpha158_csi300_custom_step0_s_20260316_11,12f1351121a3481f908663fb103095af,,,
345,2026-03-16,SH601857,-0.0742329859800254,EXP_DEnsembleModel_Alpha158_csi300_custom_step0_s_20260316_11,12f1351121a3481f908663fb103095af,,,
346,2026-03-16,SH601868,-0.3690974878446202,EXP_DEnsembleModel_Alpha158_csi300_custom_step0_s_20260316_11,12f1351121a3481f908663fb103095af,,,
347,2026-03-16,SH601872,-0.00709209127191112,EXP_DEnsembleModel_Alpha158_csi300_custom_step0_s_20260316_11,12f1351121a3481f908663fb103095af,,,
348,2026-03-16,SH601877,-0.14954052024911493,EXP_DEnsembleModel_Alpha158_csi300_custom_step0_s_20260316_11,12f1351121a3481f908663fb103095af,,,
349,2026-03-16,SH601878,-0.033052152183713115,EXP_DEnsembleModel_Alpha158_csi300_custom_step0_s_20260316_11,12f1351121a3481f908663fb103095af,,,
350,2026-03-16,SH601881,-0.10242423452151107,EXP_DEnsembleModel_Alpha158_csi300_custom_step0_s_20260316_11,12f1351121a3481f908663fb103095af,,,
351,2026-03-16,SH601888,0.11252550887020676,EXP_DEnsembleModel_Alpha158_csi300_custom_step0_s_20260316_11,12f1351121a3481f908663fb103095af,,,
352,2026-03-16,SH601898,-0.14143214368959833,EXP_DEnsembleModel_Alpha158_csi300_custom_step0_s_20260316_11,12f1351121a3481f908663fb103095af,,,
353,2026-03-16,SH601766,0.001659775915189232,EXP_DEnsembleModel_Alpha158_csi300_custom_step0_s_20260316_11,12f1351121a3481f908663fb103095af,,,
354,2026-03-16,SH600919,0.05086376779385556,EXP_DEnsembleModel_Alpha158_csi300_custom_step0_s_20260316_11,12f1351121a3481f908663fb103095af,,,
355,2026-03-16,SH601728,-0.013801986192408371,EXP_DEnsembleModel_Alpha158_csi300_custom_step0_s_20260316_11,12f1351121a3481f908663fb103095af,,,
356,2026-03-16,SH601689,-0.01360692578025003,EXP_DEnsembleModel_Alpha158_csi300_custom_step0_s_20260316_11,12f1351121a3481f908663fb103095af,,,
357,2026-03-16,SH601360,-0.022603213270652334,EXP_DEnsembleModel_Alpha158_csi300_custom_step0_s_20260316_11,12f1351121a3481f908663fb103095af,,,
358,2026-03-16,SH601377,0.004750890216836989,EXP_DEnsembleModel_Alpha158_csi300_custom_step0_s_20260316_11,12f1351121a3481f908663fb103095af,,,
359,2026-03-16,SH601390,-0.09985234241695655,EXP_DEnsembleModel_Alpha158_csi300_custom_step0_s_20260316_11,12f1351121a3481f908663fb103095af,,,
360,2026-03-16,SH601398,0.08449027499795597,EXP_DEnsembleModel_Alpha158_csi300_custom_step0_s_20260316_11,12f1351121a3481f908663fb103095af,,,
361,2026-03-16,SH601456,-0.01749078170600525,EXP_DEnsembleModel_Alpha158_csi300_custom_step0_s_20260316_11,12f1351121a3481f908663fb103095af,,,
362,2026-03-16,SH601600,0.011919926997067771,EXP_DEnsembleModel_Alpha158_csi300_custom_step0_s_20260316_11,12f1351121a3481f908663fb103095af,,,
363,2026-03-16,SH601601,0.05988974633332777,EXP_DEnsembleModel_Alpha158_csi300_custom_step0_s_20260316_11,12f1351121a3481f908663fb103095af,,,
364,2026-03-16,SH601607,0.0467053089590667,EXP_DEnsembleModel_Alpha158_csi300_custom_step0_s_20260316_11,12f1351121a3481f908663fb103095af,,,
365,2026-03-16,SH601618,-0.009171920133041075,EXP_DEnsembleModel_Alpha158_csi300_custom_step0_s_20260316_11,12f1351121a3481f908663fb103095af,,,
366,2026-03-16,SH601628,0.04490702851274828,EXP_DEnsembleModel_Alpha158_csi300_custom_step0_s_20260316_11,12f1351121a3481f908663fb103095af,,,
367,2026-03-16,SH601633,0.09712898973107062,EXP_DEnsembleModel_Alpha158_csi300_custom_step0_s_20260316_11,12f1351121a3481f908663fb103095af,,,
368,2026-03-16,SH601658,0.047889048944213426,EXP_DEnsembleModel_Alpha158_csi300_custom_step0_s_20260316_11,12f1351121a3481f908663fb103095af,,,
369,2026-03-16,SH601668,0.016763608329724383,EXP_DEnsembleModel_Alpha158_csi300_custom_step0_s_20260316_11,12f1351121a3481f908663fb103095af,,,
370,2026-03-16,SH601669,-0.3888738409080262,EXP_DEnsembleModel_Alpha158_csi300_custom_step0_s_20260316_11,12f1351121a3481f908663fb103095af,,,
371,2026-03-16,SH601688,-0.06173693747200512,EXP_DEnsembleModel_Alpha158_csi300_custom_step0_s_20260316_11,12f1351121a3481f908663fb103095af,,,
372,2026-03-16,SH601698,0.08185993146836752,EXP_DEnsembleModel_Alpha158_csi300_custom_step0_s_20260316_11,12f1351121a3481f908663fb103095af,,,
373,2026-03-16,SH601899,0.10001453060979647,EXP_DEnsembleModel_Alpha158_csi300_custom_step0_s_20260316_11,12f1351121a3481f908663fb103095af,,,
374,2026-03-16,SH600918,0.013525354861601219,EXP_DEnsembleModel_Alpha158_csi300_custom_step0_s_20260316_11,12f1351121a3481f908663fb103095af,,,
375,2026-03-16,SH600900,0.12414282678892875,EXP_DEnsembleModel_Alpha158_csi300_custom_step0_s_20260316_11,12f1351121a3481f908663fb103095af,,,
376,2026-03-16,SH600061,-2.8115654455847155e-05,EXP_DEnsembleModel_Alpha158_csi300_custom_step0_s_20260316_11,12f1351121a3481f908663fb103095af,,,
377,2026-03-16,SH600066,0.015110090002145518,EXP_DEnsembleModel_Alpha158_csi300_custom_step0_s_20260316_11,12f1351121a3481f908663fb103095af,,,
378,2026-03-16,SH600085,0.04563147528384512,EXP_DEnsembleModel_Alpha158_csi300_custom_step0_s_20260316_11,12f1351121a3481f908663fb103095af,,,
379,2026-03-16,SH600089,-0.017895498878296105,EXP_DEnsembleModel_Alpha158_csi300_custom_step0_s_20260316_11,12f1351121a3481f908663fb103095af,,,
380,2026-03-16,SH600104,0.04825944173236451,EXP_DEnsembleModel_Alpha158_csi300_custom_step0_s_20260316_11,12f1351121a3481f908663fb103095af,,,
381,2026-03-16,SH600111,-0.03803585934604858,EXP_DEnsembleModel_Alpha158_csi300_custom_step0_s_20260316_11,12f1351121a3481f908663fb103095af,,,
382,2026-03-16,SH600050,-0.048951102628915,EXP_DEnsembleModel_Alpha158_csi300_custom_step0_s_20260316_11,12f1351121a3481f908663fb103095af,,,
383,2026-03-16,SH600115,0.2950637175943819,EXP_DEnsembleModel_Alpha158_csi300_custom_step0_s_20260316_11,12f1351121a3481f908663fb103095af,,,
384,2026-03-16,SH600160,0.1435391832274188,EXP_DEnsembleModel_Alpha158_csi300_custom_step0_s_20260316_11,12f1351121a3481f908663fb103095af,,,
385,2026-03-16,SH600161,0.012825318254446499,EXP_DEnsembleModel_Alpha158_csi300_custom_step0_s_20260316_11,12f1351121a3481f908663fb103095af,,,
386,2026-03-16,SH600176,0.43855581362833357,EXP_DEnsembleModel_Alpha158_csi300_custom_step0_s_20260316_11,12f1351121a3481f908663fb103095af,,,
387,2026-03-16,SH600183,0.02127990865693913,EXP_DEnsembleModel_Alpha158_csi300_custom_step0_s_20260316_11,12f1351121a3481f908663fb103095af,,,
388,2026-03-16,SH600188,-0.02253193108265473,EXP_DEnsembleModel_Alpha158_csi300_custom_step0_s_20260316_11,12f1351121a3481f908663fb103095af,,,
389,2026-03-16,SH600196,0.01480558785852237,EXP_DEnsembleModel_Alpha158_csi300_custom_step0_s_20260316_11,12f1351121a3481f908663fb103095af,,,
390,2026-03-16,SH600150,-0.034385228079519145,EXP_DEnsembleModel_Alpha158_csi300_custom_step0_s_20260316_11,12f1351121a3481f908663fb103095af,,,
391,2026-03-16,SH600048,-0.06237568897324274,EXP_DEnsembleModel_Alpha158_csi300_custom_step0_s_20260316_11,12f1351121a3481f908663fb103095af,,,
392,2026-03-16,SH600039,-0.0009766986356190583,EXP_DEnsembleModel_Alpha158_csi300_custom_step0_s_20260316_11,12f1351121a3481f908663fb103095af,,,
393,2026-03-16,SH600036,0.07520774874288563,EXP_DEnsembleModel_Alpha158_csi300_custom_step0_s_20260316_11,12f1351121a3481f908663fb103095af,,,
394,2026-03-16,SH600009,-0.0006582077345995775,EXP_DEnsembleModel_Alpha158_csi300_custom_step0_s_20260316_11,12f1351121a3481f908663fb103095af,,,
395,2026-03-16,SH600010,0.17614581709444718,EXP_DEnsembleModel_Alpha158_csi300_custom_step0_s_20260316_11,12f1351121a3481f908663fb103095af,,,
396,2026-03-16,SH600011,0.0526912049386216,EXP_DEnsembleModel_Alpha158_csi300_custom_step0_s_20260316_11,12f1351121a3481f908663fb103095af,,,
397,2026-03-16,SH600015,0.058022921110536356,EXP_DEnsembleModel_Alpha158_csi300_custom_step0_s_20260316_11,12f1351121a3481f908663fb103095af,,,
398,2026-03-16,SH600016,0.12483517260195659,EXP_DEnsembleModel_Alpha158_csi300_custom_step0_s_20260316_11,12f1351121a3481f908663fb103095af,,,
399,2026-03-16,SH600018,0.08498004119066106,EXP_DEnsembleModel_Alpha158_csi300_custom_step0_s_20260316_11,12f1351121a3481f908663fb103095af,,,
400,2026-03-16,SH600019,-0.15161182356629566,EXP_DEnsembleModel_Alpha158_csi300_custom_step0_s_20260316_11,12f1351121a3481f908663fb103095af,,,
401,2026-03-16,SH600023,0.11914374469793587,EXP_DEnsembleModel_Alpha158_csi300_custom_step0_s_20260316_11,12f1351121a3481f908663fb103095af,,,
402,2026-03-16,SH600025,-0.019103349384511244,EXP_DEnsembleModel_Alpha158_csi300_custom_step0_s_20260316_11,12f1351121a3481f908663fb103095af,,,
403,2026-03-16,SH600026,-0.07006474425506208,EXP_DEnsembleModel_Alpha158_csi300_custom_step0_s_20260316_11,12f1351121a3481f908663fb103095af,,,
404,2026-03-16,SH600027,0.12791979217393393,EXP_DEnsembleModel_Alpha158_csi300_custom_step0_s_20260316_11,12f1351121a3481f908663fb103095af,,,
405,2026-03-16,SH600028,-0.10323463432735638,EXP_DEnsembleModel_Alpha158_csi300_custom_step0_s_20260316_11,12f1351121a3481f908663fb103095af,,,
406,2026-03-16,SH600029,0.26471848602095505,EXP_DEnsembleModel_Alpha158_csi300_custom_step0_s_20260316_11,12f1351121a3481f908663fb103095af,,,
407,2026-03-16,SH600030,-0.10578130055152776,EXP_DEnsembleModel_Alpha158_csi300_custom_step0_s_20260316_11,12f1351121a3481f908663fb103095af,,,
408,2026-03-16,SH600031,0.030896915574833227,EXP_DEnsembleModel_Alpha158_csi300_custom_step0_s_20260316_11,12f1351121a3481f908663fb103095af,,,
409,2026-03-16,SH600219,-0.08908169420975069,EXP_DEnsembleModel_Alpha158_csi300_custom_step0_s_20260316_11,12f1351121a3481f908663fb103095af,,,
410,2026-03-16,SH600233,0.05257127126510799,EXP_DEnsembleModel_Alpha158_csi300_custom_step0_s_20260316_11,12f1351121a3481f908663fb103095af,,,
411,2026-03-16,SH600276,0.08884417865611022,EXP_DEnsembleModel_Alpha158_csi300_custom_step0_s_20260316_11,12f1351121a3481f908663fb103095af,,,
412,2026-03-16,SH600309,0.08738729459086003,EXP_DEnsembleModel_Alpha158_csi300_custom_step0_s_20260316_11,12f1351121a3481f908663fb103095af,,,
413,2026-03-16,SH600588,0.03872030044243195,EXP_DEnsembleModel_Alpha158_csi300_custom_step0_s_20260316_11,12f1351121a3481f908663fb103095af,,,
414,2026-03-16,SH600600,0.11940525246809451,EXP_DEnsembleModel_Alpha158_csi300_custom_step0_s_20260316_11,12f1351121a3481f908663fb103095af,,,
415,2026-03-16,SH600660,0.12844057687228658,EXP_DEnsembleModel_Alpha158_csi300_custom_step0_s_20260316_11,12f1351121a3481f908663fb103095af,,,
416,2026-03-16,SH600674,-0.04187947744628629,EXP_DEnsembleModel_Alpha158_csi300_custom_step0_s_20260316_11,12f1351121a3481f908663fb103095af,,,
417,2026-03-16,SH600690,0.08611510760056122,EXP_DEnsembleModel_Alpha158_csi300_custom_step0_s_20260316_11,12f1351121a3481f908663fb103095af,,,
418,2026-03-16,SH600741,0.04705552457026163,EXP_DEnsembleModel_Alpha158_csi300_custom_step0_s_20260316_11,12f1351121a3481f908663fb103095af,,,
419,2026-03-16,SH600760,-0.08296568181682917,EXP_DEnsembleModel_Alpha158_csi300_custom_step0_s_20260316_11,12f1351121a3481f908663fb103095af,,,
420,2026-03-16,SH600795,0.052014440213778254,EXP_DEnsembleModel_Alpha158_csi300_custom_step0_s_20260316_11,12f1351121a3481f908663fb103095af,,,
421,2026-03-16,SH600803,-0.15788909829995607,EXP_DEnsembleModel_Alpha158_csi300_custom_step0_s_20260316_11,12f1351121a3481f908663fb103095af,,,
422,2026-03-16,SH600809,-0.026689615612919906,EXP_DEnsembleModel_Alpha158_csi300_custom_step0_s_20260316_11,12f1351121a3481f908663fb103095af,,,
423,2026-03-16,SH600845,-0.10779713484205282,EXP_DEnsembleModel_Alpha158_csi300_custom_step0_s_20260316_11,12f1351121a3481f908663fb103095af,,,
424,2026-03-16,SH600875,0.46649084873773844,EXP_DEnsembleModel_Alpha158_csi300_custom_step0_s_20260316_11,12f1351121a3481f908663fb103095af,,,
425,2026-03-16,SH600886,-0.02135695051200356,EXP_DEnsembleModel_Alpha158_csi300_custom_step0_s_20260316_11,12f1351121a3481f908663fb103095af,,,
426,2026-03-16,SH600887,0.08501850503925507,EXP_DEnsembleModel_Alpha158_csi300_custom_step0_s_20260316_11,12f1351121a3481f908663fb103095af,,,
427,2026-03-16,SH600893,0.22549597802054924,EXP_DEnsembleModel_Alpha158_csi300_custom_step0_s_20260316_11,12f1351121a3481f908663fb103095af,,,
428,2026-03-16,SH600585,0.1357735071455709,EXP_DEnsembleModel_Alpha158_csi300_custom_step0_s_20260316_11,12f1351121a3481f908663fb103095af,,,
429,2026-03-16,SH600905,0.04460411088590618,EXP_DEnsembleModel_Alpha158_csi300_custom_step0_s_20260316_11,12f1351121a3481f908663fb103095af,,,
430,2026-03-16,SH600584,-0.017110438400585806,EXP_DEnsembleModel_Alpha158_csi300_custom_step0_s_20260316_11,12f1351121a3481f908663fb103095af,,,
431,2026-03-16,SH600547,0.1861208956450914,EXP_DEnsembleModel_Alpha158_csi300_custom_step0_s_20260316_11,12f1351121a3481f908663fb103095af,,,
432,2026-03-16,SH600346,0.09965613940723277,EXP_DEnsembleModel_Alpha158_csi300_custom_step0_s_20260316_11,12f1351121a3481f908663fb103095af,,,
433,2026-03-16,SH600362,0.21653432004617373,EXP_DEnsembleModel_Alpha158_csi300_custom_step0_s_20260316_11,12f1351121a3481f908663fb103095af,,,
434,2026-03-16,SH600372,-0.058869872486935135,EXP_DEnsembleModel_Alpha158_csi300_custom_step0_s_20260316_11,12f1351121a3481f908663fb103095af,,,
435,2026-03-16,SH600377,0.1010199944870551,EXP_DEnsembleModel_Alpha158_csi300_custom_step0_s_20260316_11,12f1351121a3481f908663fb103095af,,,
436,2026-03-16,SH600406,-0.13353465348669338,EXP_DEnsembleModel_Alpha158_csi300_custom_step0_s_20260316_11,12f1351121a3481f908663fb103095af,,,
437,2026-03-16,SH600415,-0.012271358949109206,EXP_DEnsembleModel_Alpha158_csi300_custom_step0_s_20260316_11,12f1351121a3481f908663fb103095af,,,
438,2026-03-16,SH600426,-0.07955173820890293,EXP_DEnsembleModel_Alpha158_csi300_custom_step0_s_20260316_11,12f1351121a3481f908663fb103095af,,,
439,2026-03-16,SH600436,0.04851772252242419,EXP_DEnsembleModel_Alpha158_csi300_custom_step0_s_20260316_11,12f1351121a3481f908663fb103095af,,,
440,2026-03-16,SH600438,-0.01416928580170585,EXP_DEnsembleModel_Alpha158_csi300_custom_step0_s_20260316_11,12f1351121a3481f908663fb103095af,,,
441,2026-03-16,SH600460,-0.0007878230418134594,EXP_DEnsembleModel_Alpha158_csi300_custom_step0_s_20260316_11,12f1351121a3481f908663fb103095af,,,
442,2026-03-16,SH600482,0.5393091198495262,EXP_DEnsembleModel_Alpha158_csi300_custom_step0_s_20260316_11,12f1351121a3481f908663fb103095af,,,
443,2026-03-16,SH600489,0.1390462933440467,EXP_DEnsembleModel_Alpha158_csi300_custom_step0_s_20260316_11,12f1351121a3481f908663fb103095af,,,
444,2026-03-16,SH600515,0.020385156120387073,EXP_DEnsembleModel_Alpha158_csi300_custom_step0_s_20260316_11,12f1351121a3481f908663fb103095af,,,
445,2026-03-16,SH600519,0.010884438840949435,EXP_DEnsembleModel_Alpha158_csi300_custom_step0_s_20260316_11,12f1351121a3481f908663fb103095af,,,
446,2026-03-16,SH600522,0.23175446877198191,EXP_DEnsembleModel_Alpha158_csi300_custom_step0_s_20260316_11,12f1351121a3481f908663fb103095af,,,
447,2026-03-16,SH600570,-0.01433493256951534,EXP_DEnsembleModel_Alpha158_csi300_custom_step0_s_20260316_11,12f1351121a3481f908663fb103095af,,,
448,2026-03-16,SH601901,-0.03818319920388725,EXP_DEnsembleModel_Alpha158_csi300_custom_step0_s_20260316_11,12f1351121a3481f908663fb103095af,,,
449,2026-03-16,SH601916,0.11622338452272393,EXP_DEnsembleModel_Alpha158_csi300_custom_step0_s_20260316_11,12f1351121a3481f908663fb103095af,,,
450,2026-03-16,SH601919,0.006560520165538457,EXP_DEnsembleModel_Alpha158_csi300_custom_step0_s_20260316_11,12f1351121a3481f908663fb103095af,,,
451,2026-03-16,SZ002422,0.04843019180519036,EXP_DEnsembleModel_Alpha158_csi300_custom_step0_s_20260316_11,12f1351121a3481f908663fb103095af,,,
452,2026-03-16,SZ002459,0.04667910408051902,EXP_DEnsembleModel_Alpha158_csi300_custom_step0_s_20260316_11,12f1351121a3481f908663fb103095af,,,
453,2026-03-16,SZ002460,0.06603714168128255,EXP_DEnsembleModel_Alpha158_csi300_custom_step0_s_20260316_11,12f1351121a3481f908663fb103095af,,,
454,2026-03-16,SZ002463,-0.021623127986764207,EXP_DEnsembleModel_Alpha158_csi300_custom_step0_s_20260316_11,12f1351121a3481f908663fb103095af,,,
455,2026-03-16,SZ002466,0.0578639357930827,EXP_DEnsembleModel_Alpha158_csi300_custom_step0_s_20260316_11,12f1351121a3481f908663fb103095af,,,
456,2026-03-16,SZ002475,0.09053241567601608,EXP_DEnsembleModel_Alpha158_csi300_custom_step0_s_20260316_11,12f1351121a3481f908663fb103095af,,,
457,2026-03-16,SZ002415,-0.004128859322979586,EXP_DEnsembleModel_Alpha158_csi300_custom_step0_s_20260316_11,12f1351121a3481f908663fb103095af,,,
458,2026-03-16,SZ002493,0.3288050195898104,EXP_DEnsembleModel_Alpha158_csi300_custom_step0_s_20260316_11,12f1351121a3481f908663fb103095af,,,
459,2026-03-16,SZ002600,0.05903310649514471,EXP_DEnsembleModel_Alpha158_csi300_custom_step0_s_20260316_11,12f1351121a3481f908663fb103095af,,,
460,2026-03-16,SZ002601,0.2122276702013965,EXP_DEnsembleModel_Alpha158_csi300_custom_step0_s_20260316_11,12f1351121a3481f908663fb103095af,,,
461,2026-03-16,SZ002625,0.07567802372359547,EXP_DEnsembleModel_Alpha158_csi300_custom_step0_s_20260316_11,12f1351121a3481f908663fb103095af,,,
462,2026-03-16,SZ002648,-0.3582684304406086,EXP_DEnsembleModel_Alpha158_csi300_custom_step0_s_20260316_11,12f1351121a3481f908663fb103095af,,,
463,2026-03-16,SZ002709,-0.17078158510774152,EXP_DEnsembleModel_Alpha158_csi300_custom_step0_s_20260316_11,12f1351121a3481f908663fb103095af,,,
464,2026-03-16,SZ002714,0.011937060660979429,EXP_DEnsembleModel_Alpha158_csi300_custom_step0_s_20260316_11,12f1351121a3481f908663fb103095af,,,
465,2026-03-16,SZ002594,0.18573219489521708,EXP_DEnsembleModel_Alpha158_csi300_custom_step0_s_20260316_11,12f1351121a3481f908663fb103095af,,,
466,2026-03-16,SZ002384,-0.09463363267007431,EXP_DEnsembleModel_Alpha158_csi300_custom_step0_s_20260316_11,12f1351121a3481f908663fb103095af,,,
467,2026-03-16,SZ002371,0.014038224235580845,EXP_DEnsembleModel_Alpha158_csi300_custom_step0_s_20260316_11,12f1351121a3481f908663fb103095af,,,
468,2026-03-16,SZ002352,0.0039156377691390125,EXP_DEnsembleModel_Alpha158_csi300_custom_step0_s_20260316_11,12f1351121a3481f908663fb103095af,,,
469,2026-03-16,SZ001979,-0.038304415182889,EXP_DEnsembleModel_Alpha158_csi300_custom_step0_s_20260316_11,12f1351121a3481f908663fb103095af,,,
470,2026-03-16,SZ002001,0.17134065095795162,EXP_DEnsembleModel_Alpha158_csi300_custom_step0_s_20260316_11,12f1351121a3481f908663fb103095af,,,
471,2026-03-16,SZ002027,-0.04840169279076404,EXP_DEnsembleModel_Alpha158_csi300_custom_step0_s_20260316_11,12f1351121a3481f908663fb103095af,,,
472,2026-03-16,SZ002028,0.27559457817266503,EXP_DEnsembleModel_Alpha158_csi300_custom_step0_s_20260316_11,12f1351121a3481f908663fb103095af,,,
473,2026-03-16,SZ002049,0.017625018707905036,EXP_DEnsembleModel_Alpha158_csi300_custom_step0_s_20260316_11,12f1351121a3481f908663fb103095af,,,
474,2026-03-16,SZ002050,0.0362451701010114,EXP_DEnsembleModel_Alpha158_csi300_custom_step0_s_20260316_11,12f1351121a3481f908663fb103095af,,,
475,2026-03-16,SZ002074,0.05836336546741266,EXP_DEnsembleModel_Alpha158_csi300_custom_step0_s_20260316_11,12f1351121a3481f908663fb103095af,,,
476,2026-03-16,SZ002142,-0.05092787717793609,EXP_DEnsembleModel_Alpha158_csi300_custom_step0_s_20260316_11,12f1351121a3481f908663fb103095af,,,
477,2026-03-16,SZ002179,-0.023594705899852544,EXP_DEnsembleModel_Alpha158_csi300_custom_step0_s_20260316_11,12f1351121a3481f908663fb103095af,,,
478,2026-03-16,SZ002230,0.015710040379179755,EXP_DEnsembleModel_Alpha158_csi300_custom_step0_s_20260316_11,12f1351121a3481f908663fb103095af,,,
479,2026-03-16,SZ002236,0.018785272066591554,EXP_DEnsembleModel_Alpha158_csi300_custom_step0_s_20260316_11,12f1351121a3481f908663fb103095af,,,
480,2026-03-16,SZ002241,0.029469879917080024,EXP_DEnsembleModel_Alpha158_csi300_custom_step0_s_20260316_11,12f1351121a3481f908663fb103095af,,,
481,2026-03-16,SZ002252,-0.020410799294540625,EXP_DEnsembleModel_Alpha158_csi300_custom_step0_s_20260316_11,12f1351121a3481f908663fb103095af,,,
482,2026-03-16,SZ002304,0.03592684070190563,EXP_DEnsembleModel_Alpha158_csi300_custom_step0_s_20260316_11,12f1351121a3481f908663fb103095af,,,
483,2026-03-16,SZ002311,0.025065423648104237,EXP_DEnsembleModel_Alpha158_csi300_custom_step0_s_20260316_11,12f1351121a3481f908663fb103095af,,,
484,2026-03-16,SZ002736,0.007209170893899305,EXP_DEnsembleModel_Alpha158_csi300_custom_step0_s_20260316_11,12f1351121a3481f908663fb103095af,,,
485,2026-03-16,SZ002916,-0.02878941992748058,EXP_DEnsembleModel_Alpha158_csi300_custom_step0_s_20260316_11,12f1351121a3481f908663fb103095af,,,
486,2026-03-16,SZ002920,0.09926192833080906,EXP_DEnsembleModel_Alpha158_csi300_custom_step0_s_20260316_11,12f1351121a3481f908663fb103095af,,,
487,2026-03-16,SZ002938,-0.05594373420115578,EXP_DEnsembleModel_Alpha158_csi300_custom_step0_s_20260316_11,12f1351121a3481f908663fb103095af,,,
488,2026-03-16,SZ300498,0.0778157668355855,EXP_DEnsembleModel_Alpha158_csi300_custom_step0_s_20260316_11,12f1351121a3481f908663fb103095af,,,
489,2026-03-16,SZ300502,-0.172177023437244,EXP_DEnsembleModel_Alpha158_csi300_custom_step0_s_20260316_11,12f1351121a3481f908663fb103095af,,,
490,2026-03-16,SZ300628,-0.03748442573451619,EXP_DEnsembleModel_Alpha158_csi300_custom_step0_s_20260316_11,12f1351121a3481f908663fb103095af,,,
491,2026-03-16,SZ300661,0.07518481517646819,EXP_DEnsembleModel_Alpha158_csi300_custom_step0_s_20260316_11,12f1351121a3481f908663fb103095af,,,
492,2026-03-16,SZ300750,0.12897355758838505,EXP_DEnsembleModel_Alpha158_csi300_custom_step0_s_20260316_11,12f1351121a3481f908663fb103095af,,,
493,2026-03-16,SZ300759,-0.007247013181206186,EXP_DEnsembleModel_Alpha158_csi300_custom_step0_s_20260316_11,12f1351121a3481f908663fb103095af,,,
494,2026-03-16,SZ300760,-0.07516977425109035,EXP_DEnsembleModel_Alpha158_csi300_custom_step0_s_20260316_11,12f1351121a3481f908663fb103095af,,,
495,2026-03-16,SZ300782,-0.01160043311097349,EXP_DEnsembleModel_Alpha158_csi300_custom_step0_s_20260316_11,12f1351121a3481f908663fb103095af,,,
496,2026-03-16,SZ300803,0.0686163421699295,EXP_DEnsembleModel_Alpha158_csi300_custom_step0_s_20260316_11,12f1351121a3481f908663fb103095af,,,
497,2026-03-16,SZ300832,0.0025672744580819175,EXP_DEnsembleModel_Alpha158_csi300_custom_step0_s_20260316_11,12f1351121a3481f908663fb103095af,,,
498,2026-03-16,SZ300866,-0.021808816498964104,EXP_DEnsembleModel_Alpha158_csi300_custom_step0_s_20260316_11,12f1351121a3481f908663fb103095af,,,
499,2026-03-16,SZ300896,0.04549943594023231,EXP_DEnsembleModel_Alpha158_csi300_custom_step0_s_20260316_11,12f1351121a3481f908663fb103095af,,,
500,2026-03-16,SZ300979,0.11411915327463912,EXP_DEnsembleModel_Alpha158_csi300_custom_step0_s_20260316_11,12f1351121a3481f908663fb103095af,,,
501,2026-03-16,SZ300999,-0.16141278315596475,EXP_DEnsembleModel_Alpha158_csi300_custom_step0_s_20260316_11,12f1351121a3481f908663fb103095af,,,
502,2026-03-16,SZ301236,-0.03940248992667522,EXP_DEnsembleModel_Alpha158_csi300_custom_step0_s_20260316_11,12f1351121a3481f908663fb103095af,,,
503,2026-03-16,SZ300476,-0.11962630357013339,EXP_DEnsembleModel_Alpha158_csi300_custom_step0_s_20260316_11,12f1351121a3481f908663fb103095af,,,
504,2026-03-16,SZ001965,0.02187903365195638,EXP_DEnsembleModel_Alpha158_csi300_custom_step0_s_20260316_11,12f1351121a3481f908663fb103095af,,,
505,2026-03-16,SZ300442,0.08358700671430606,EXP_DEnsembleModel_Alpha158_csi300_custom_step0_s_20260316_11,12f1351121a3481f908663fb103095af,,,
506,2026-03-16,SZ300418,0.04634140318287933,EXP_DEnsembleModel_Alpha158_csi300_custom_step0_s_20260316_11,12f1351121a3481f908663fb103095af,,,
507,2026-03-16,SZ003816,0.03229339887520412,EXP_DEnsembleModel_Alpha158_csi300_custom_step0_s_20260316_11,12f1351121a3481f908663fb103095af,,,
508,2026-03-16,SZ300014,0.05936650189268451,EXP_DEnsembleModel_Alpha158_csi300_custom_step0_s_20260316_11,12f1351121a3481f908663fb103095af,,,
509,2026-03-16,SZ300015,-0.004299060017637212,EXP_DEnsembleModel_Alpha158_csi300_custom_step0_s_20260316_11,12f1351121a3481f908663fb103095af,,,
510,2026-03-16,SZ300033,0.11950406541505597,EXP_DEnsembleModel_Alpha158_csi300_custom_step0_s_20260316_11,12f1351121a3481f908663fb103095af,,,
511,2026-03-16,SZ300059,-0.05299796564206912,EXP_DEnsembleModel_Alpha158_csi300_custom_step0_s_20260316_11,12f1351121a3481f908663fb103095af,,,
512,2026-03-16,SZ300122,-0.0015866735098286294,EXP_DEnsembleModel_Alpha158_csi300_custom_step0_s_20260316_11,12f1351121a3481f908663fb103095af,,,
513,2026-03-16,SZ300124,0.04504002015823091,EXP_DEnsembleModel_Alpha158_csi300_custom_step0_s_20260316_11,12f1351121a3481f908663fb103095af,,,
514,2026-03-16,SZ300251,-0.002665825536466399,EXP_DEnsembleModel_Alpha158_csi300_custom_step0_s_20260316_11,12f1351121a3481f908663fb103095af,,,
515,2026-03-16,SZ300274,-0.09891206790401681,EXP_DEnsembleModel_Alpha158_csi300_custom_step0_s_20260316_11,12f1351121a3481f908663fb103095af,,,
516,2026-03-16,SZ300308,-0.024259764082361395,EXP_DEnsembleModel_Alpha158_csi300_custom_step0_s_20260316_11,12f1351121a3481f908663fb103095af,,,
517,2026-03-16,SZ300316,0.07998429662132599,EXP_DEnsembleModel_Alpha158_csi300_custom_step0_s_20260316_11,12f1351121a3481f908663fb103095af,,,
518,2026-03-16,SZ300347,0.1689439522383456,EXP_DEnsembleModel_Alpha158_csi300_custom_step0_s_20260316_11,12f1351121a3481f908663fb103095af,,,
519,2026-03-16,SZ300394,0.5406096482087037,EXP_DEnsembleModel_Alpha158_csi300_custom_step0_s_20260316_11,12f1351121a3481f908663fb103095af,,,
520,2026-03-16,SZ300408,-0.06442167405376112,EXP_DEnsembleModel_Alpha158_csi300_custom_step0_s_20260316_11,12f1351121a3481f908663fb103095af,,,
521,2026-03-16,SZ300413,-0.03683999820141091,EXP_DEnsembleModel_Alpha158_csi300_custom_step0_s_20260316_11,12f1351121a3481f908663fb103095af,,,
522,2026-03-16,SZ300433,0.08517131069089397,EXP_DEnsembleModel_Alpha158_csi300_custom_step0_s_20260316_11,12f1351121a3481f908663fb103095af,,,
523,2026-03-16,SZ001391,-0.03492150929919061,EXP_DEnsembleModel_Alpha158_csi300_custom_step0_s_20260316_11,12f1351121a3481f908663fb103095af,,,
524,2026-03-16,SZ000999,0.08160368669670258,EXP_DEnsembleModel_Alpha158_csi300_custom_step0_s_20260316_11,12f1351121a3481f908663fb103095af,,,
525,2026-03-16,SZ000983,0.09334161372628332,EXP_DEnsembleModel_Alpha158_csi300_custom_step0_s_20260316_11,12f1351121a3481f908663fb103095af,,,
526,2026-03-16,SH605499,-0.04162241311777954,EXP_DEnsembleModel_Alpha158_csi300_custom_step0_s_20260316_11,12f1351121a3481f908663fb103095af,,,
527,2026-03-16,SH688008,-0.03202511976156649,EXP_DEnsembleModel_Alpha158_csi300_custom_step0_s_20260316_11,12f1351121a3481f908663fb103095af,,,
528,2026-03-16,SH688009,0.07515598800956663,EXP_DEnsembleModel_Alpha158_csi300_custom_step0_s_20260316_11,12f1351121a3481f908663fb103095af,,,
529,2026-03-16,SH688012,-0.07228894129937642,EXP_DEnsembleModel_Alpha158_csi300_custom_step0_s_20260316_11,12f1351121a3481f908663fb103095af,,,
530,2026-03-16,SH688036,-0.02583718722897611,EXP_DEnsembleModel_Alpha158_csi300_custom_step0_s_20260316_11,12f1351121a3481f908663fb103095af,,,
531,2026-03-16,SH688041,0.06984021854039453,EXP_DEnsembleModel_Alpha158_csi300_custom_step0_s_20260316_11,12f1351121a3481f908663fb103095af,,,
532,2026-03-16,SH688047,-0.11479150359317895,EXP_DEnsembleModel_Alpha158_csi300_custom_step0_s_20260316_11,12f1351121a3481f908663fb103095af,,,
533,2026-03-16,SH688082,0.10451894937209305,EXP_DEnsembleModel_Alpha158_csi300_custom_step0_s_20260316_11,12f1351121a3481f908663fb103095af,,,
534,2026-03-16,SH688111,-0.029960004705452927,EXP_DEnsembleModel_Alpha158_csi300_custom_step0_s_20260316_11,12f1351121a3481f908663fb103095af,,,
535,2026-03-16,SH688126,-0.0217246400207759,EXP_DEnsembleModel_Alpha158_csi300_custom_step0_s_20260316_11,12f1351121a3481f908663fb103095af,,,
536,2026-03-16,SH688169,0.08187484579003634,EXP_DEnsembleModel_Alpha158_csi300_custom_step0_s_20260316_11,12f1351121a3481f908663fb103095af,,,
537,2026-03-16,SH688187,-0.005383821923419156,EXP_DEnsembleModel_Alpha158_csi300_custom_step0_s_20260316_11,12f1351121a3481f908663fb103095af,,,
538,2026-03-16,SH688223,-0.10304607420056672,EXP_DEnsembleModel_Alpha158_csi300_custom_step0_s_20260316_11,12f1351121a3481f908663fb103095af,,,
539,2026-03-16,SH688256,0.11162665554475508,EXP_DEnsembleModel_Alpha158_csi300_custom_step0_s_20260316_11,12f1351121a3481f908663fb103095af,,,
540,2026-03-16,SH688271,0.029644427495346178,EXP_DEnsembleModel_Alpha158_csi300_custom_step0_s_20260316_11,12f1351121a3481f908663fb103095af,,,
541,2026-03-16,SH605117,-0.21590352216489353,EXP_DEnsembleModel_Alpha158_csi300_custom_step0_s_20260316_11,12f1351121a3481f908663fb103095af,,,
542,2026-03-16,SH688303,-0.006350892425974904,EXP_DEnsembleModel_Alpha158_csi300_custom_step0_s_20260316_11,12f1351121a3481f908663fb103095af,,,
543,2026-03-16,SH603993,0.2798274948517983,EXP_DEnsembleModel_Alpha158_csi300_custom_step0_s_20260316_11,12f1351121a3481f908663fb103095af,,,
544,2026-03-16,SH603893,-0.03099929746585367,EXP_DEnsembleModel_Alpha158_csi300_custom_step0_s_20260316_11,12f1351121a3481f908663fb103095af,,,
545,2026-03-16,SH601939,-0.029548494382983036,EXP_DEnsembleModel_Alpha158_csi300_custom_step0_s_20260316_11,12f1351121a3481f908663fb103095af,,,
546,2026-03-16,SH601985,0.014153016877593636,EXP_DEnsembleModel_Alpha158_csi300_custom_step0_s_20260316_11,12f1351121a3481f908663fb103095af,,,
547,2026-03-16,SH601988,0.02796716210314735,EXP_DEnsembleModel_Alpha158_csi300_custom_step0_s_20260316_11,12f1351121a3481f908663fb103095af,,,
548,2026-03-16,SH601995,-0.10428987134748073,EXP_DEnsembleModel_Alpha158_csi300_custom_step0_s_20260316_11,12f1351121a3481f908663fb103095af,,,
549,2026-03-16,SH601998,-0.022669202128015833,EXP_DEnsembleModel_Alpha158_csi300_custom_step0_s_20260316_11,12f1351121a3481f908663fb103095af,,,
550,2026-03-16,SH603019,0.12497185239608657,EXP_DEnsembleModel_Alpha158_csi300_custom_step0_s_20260316_11,12f1351121a3481f908663fb103095af,,,
551,2026-03-16,SH603195,0.007006233835159251,EXP_DEnsembleModel_Alpha158_csi300_custom_step0_s_20260316_11,12f1351121a3481f908663fb103095af,,,
552,2026-03-16,SH603259,0.17831324299041013,EXP_DEnsembleModel_Alpha158_csi300_custom_step0_s_20260316_11,12f1351121a3481f908663fb103095af,,,
553,2026-03-16,SH603260,0.07083936909749657,EXP_DEnsembleModel_Alpha158_csi300_custom_step0_s_20260316_11,12f1351121a3481f908663fb103095af,,,
554,2026-03-16,SH603288,0.0643844375747077,EXP_DEnsembleModel_Alpha158_csi300_custom_step0_s_20260316_11,12f1351121a3481f908663fb103095af,,,
555,2026-03-16,SH603296,0.12866357101123135,EXP_DEnsembleModel_Alpha158_csi300_custom_step0_s_20260316_11,12f1351121a3481f908663fb103095af,,,
556,2026-03-16,SH603369,0.006765095675306716,EXP_DEnsembleModel_Alpha158_csi300_custom_step0_s_20260316_11,12f1351121a3481f908663fb103095af,,,
557,2026-03-16,SH603392,0.015028114887404086,EXP_DEnsembleModel_Alpha158_csi300_custom_step0_s_20260316_11,12f1351121a3481f908663fb103095af,,,
558,2026-03-16,SH603501,0.0849719906577695,EXP_DEnsembleModel_Alpha158_csi300_custom_step0_s_20260316_11,12f1351121a3481f908663fb103095af,,,
559,2026-03-16,SH603799,0.23503851040568854,EXP_DEnsembleModel_Alpha158_csi300_custom_step0_s_20260316_11,12f1351121a3481f908663fb103095af,,,
560,2026-03-16,SH603986,-0.1169337035561915,EXP_DEnsembleModel_Alpha158_csi300_custom_step0_s_20260316_11,12f1351121a3481f908663fb103095af,,,
561,2026-03-16,SZ301269,0.0018421346321702003,EXP_LinearModel_Alpha158_csi300_custom_step0_s_20260316_11,8236e62f26a34dd3a1d76fd7efb48be5,,,
562,2026-03-16,SH688396,0.28875747921276146,EXP_DEnsembleModel_Alpha158_csi300_custom_step0_s_20260316_11,12f1351121a3481f908663fb103095af,,,
563,2026-03-16,SH688506,0.1352922928037673,EXP_DEnsembleModel_Alpha158_csi300_custom_step0_s_20260316_11,12f1351121a3481f908663fb103095af,,,
564,2026-03-16,SZ000661,0.016231416091983107,EXP_DEnsembleModel_Alpha158_csi300_custom_step0_s_20260316_11,12f1351121a3481f908663fb103095af,,,
565,2026-03-16,SZ000708,-0.0977403044957193,EXP_DEnsembleModel_Alpha158_csi300_custom_step0_s_20260316_11,12f1351121a3481f908663fb103095af,,,
566,2026-03-16,SZ000725,-0.08440048632352973,EXP_DEnsembleModel_Alpha158_csi300_custom_step0_s_20260316_11,12f1351121a3481f908663fb103095af,,,
567,2026-03-16,SZ000768,-0.007747217603234209,EXP_DEnsembleModel_Alpha158_csi300_custom_step0_s_20260316_11,12f1351121a3481f908663fb103095af,,,
568,2026-03-16,SZ000776,-0.06930930197842727,EXP_DEnsembleModel_Alpha158_csi300_custom_step0_s_20260316_11,12f1351121a3481f908663fb103095af,,,
569,2026-03-16,SZ000786,-0.11262444154925304,EXP_DEnsembleModel_Alpha158_csi300_custom_step0_s_20260316_11,12f1351121a3481f908663fb103095af,,,
570,2026-03-16,SZ000792,0.026258200692421404,EXP_DEnsembleModel_Alpha158_csi300_custom_step0_s_20260316_11,12f1351121a3481f908663fb103095af,,,
571,2026-03-16,SZ000807,0.01767315899160989,EXP_DEnsembleModel_Alpha158_csi300_custom_step0_s_20260316_11,12f1351121a3481f908663fb103095af,,,
572,2026-03-16,SZ000858,0.07445522601421768,EXP_DEnsembleModel_Alpha158_csi300_custom_step0_s_20260316_11,12f1351121a3481f908663fb103095af,,,
573,2026-03-16,SZ000876,0.0741936231190454,EXP_DEnsembleModel_Alpha158_csi300_custom_step0_s_20260316_11,12f1351121a3481f908663fb103095af,,,
574,2026-03-16,SZ000895,-0.02664361583521043,EXP_DEnsembleModel_Alpha158_csi300_custom_step0_s_20260316_11,12f1351121a3481f908663fb103095af,,,
575,2026-03-16,SZ000938,0.0405892551198249,EXP_DEnsembleModel_Alpha158_csi300_custom_step0_s_20260316_11,12f1351121a3481f908663fb103095af,,,
576,2026-03-16,SZ000963,0.12284377431498035,EXP_DEnsembleModel_Alpha158_csi300_custom_step0_s_20260316_11,12f1351121a3481f908663fb103095af,,,
577,2026-03-16,SZ000975,0.11536846727442772,EXP_DEnsembleModel_Alpha158_csi300_custom_step0_s_20260316_11,12f1351121a3481f908663fb103095af,,,
578,2026-03-16,SZ000977,-0.015650721824521124,EXP_DEnsembleModel_Alpha158_csi300_custom_step0_s_20260316_11,12f1351121a3481f908663fb103095af,,,
579,2026-03-16,SZ000651,0.025456323049304033,EXP_DEnsembleModel_Alpha158_csi300_custom_step0_s_20260316_11,12f1351121a3481f908663fb103095af,,,
580,2026-03-16,SH688472,-0.20702415852575617,EXP_DEnsembleModel_Alpha158_csi300_custom_step0_s_20260316_11,12f1351121a3481f908663fb103095af,,,
581,2026-03-16,SZ000630,0.15930474049660417,EXP_DEnsembleModel_Alpha158_csi300_custom_step0_s_20260316_11,12f1351121a3481f908663fb103095af,,,
582,2026-03-16,SZ000617,-0.06405100690135918,EXP_DEnsembleModel_Alpha158_csi300_custom_step0_s_20260316_11,12f1351121a3481f908663fb103095af,,,
583,2026-03-16,SH688981,0.010097634565462262,EXP_DEnsembleModel_Alpha158_csi300_custom_step0_s_20260316_11,12f1351121a3481f908663fb103095af,,,
584,2026-03-16,SZ000001,0.07111465018793216,EXP_DEnsembleModel_Alpha158_csi300_custom_step0_s_20260316_11,12f1351121a3481f908663fb103095af,,,
585,2026-03-16,SZ000002,-0.08271183103758192,EXP_DEnsembleModel_Alpha158_csi300_custom_step0_s_20260316_11,12f1351121a3481f908663fb103095af,,,
586,2026-03-16,SZ000063,0.14506844457211668,EXP_DEnsembleModel_Alpha158_csi300_custom_step0_s_20260316_11,12f1351121a3481f908663fb103095af,,,
587,2026-03-16,SZ000100,-0.10077912176125998,EXP_DEnsembleModel_Alpha158_csi300_custom_step0_s_20260316_11,12f1351121a3481f908663fb103095af,,,
588,2026-03-16,SZ000157,-0.009478293646485893,EXP_DEnsembleModel_Alpha158_csi300_custom_step0_s_20260316_11,12f1351121a3481f908663fb103095af,,,
589,2026-03-16,SZ000166,0.021224830903409247,EXP_DEnsembleModel_Alpha158_csi300_custom_step0_s_20260316_11,12f1351121a3481f908663fb103095af,,,
590,2026-03-16,SZ000301,0.17493952435824198,EXP_DEnsembleModel_Alpha158_csi300_custom_step0_s_20260316_11,12f1351121a3481f908663fb103095af,,,
591,2026-03-16,SZ000333,0.1212851559553414,EXP_DEnsembleModel_Alpha158_csi300_custom_step0_s_20260316_11,12f1351121a3481f908663fb103095af,,,
592,2026-03-16,SZ000338,0.28144934081610395,EXP_DEnsembleModel_Alpha158_csi300_custom_step0_s_20260316_11,12f1351121a3481f908663fb103095af,,,
593,2026-03-16,SZ000408,0.013162192957422053,EXP_DEnsembleModel_Alpha158_csi300_custom_step0_s_20260316_11,12f1351121a3481f908663fb103095af,,,
594,2026-03-16,SZ000425,0.004980790288360156,EXP_DEnsembleModel_Alpha158_csi300_custom_step0_s_20260316_11,12f1351121a3481f908663fb103095af,,,
595,2026-03-16,SZ000538,0.08823208162197495,EXP_DEnsembleModel_Alpha158_csi300_custom_step0_s_20260316_11,12f1351121a3481f908663fb103095af,,,
596,2026-03-16,SZ000568,0.018501622418011815,EXP_DEnsembleModel_Alpha158_csi300_custom_step0_s_20260316_11,12f1351121a3481f908663fb103095af,,,
597,2026-03-16,SZ000596,0.0892794373950364,EXP_DEnsembleModel_Alpha158_csi300_custom_step0_s_20260316_11,12f1351121a3481f908663fb103095af,,,
598,2026-03-16,SZ000625,0.0013627094703582482,EXP_DEnsembleModel_Alpha158_csi300_custom_step0_s_20260316_11,12f1351121a3481f908663fb103095af,,,
599,2026-03-16,SZ302132,0.12299155443906784,EXP_LinearModel_Alpha158_csi300_custom_step0_s_20260316_11,8236e62f26a34dd3a1d76fd7efb48be5,,,
